Name,Address,Phone number,Website,Rating,Number of ratings,Governorate,location Link,Plus code,Latitude,Longitude,Photo 1,Photo 2,Photo 3,Photo 4,Photo 5,Photo 6,Photo 7,Photo 8,Photo 9,Photo 10,Photo 11,Photo 12,Photo 13,Photo 14,Photo 15,Photo 16,Photo 17,Photo 18,Photo 19,Photo 20,Category,Region,Place description
McDonald's Damietta Branch,"141 Sa'd Zaghloul, Corniche ElNil 141 سعد زغلول, كورنيش النيل",02 21600377,mcdonalds.eg,4.1,"1,770",Damietta,https://maps.app.goo.gl/8KTgL96e2ZPkaJpw8,CRC5+CJ Dameitta Second,31.421062,31.809063,https://lh5.googleusercontent.com/p/AF1QipN2bUTAPH2uwSOk-NtFRO19cAGYyJPgg2PYnbJp,https://lh5.googleusercontent.com/p/AF1QipOa_oY68aj31ZuyLBV0YIF3O2s4Zj93_xopg7k9,https://lh5.googleusercontent.com/p/AF1QipNAVZnd65mI57El2TdfsyAjCPyNESldaSs-m2P_,https://lh5.googleusercontent.com/p/AF1QipM7BHPhvYIko1vpLAN_ySlHGZX36OjKRduMi_md,,,,,,,,,,,,,,https://lh5.googleusercontent.com/p/AF1QipOESxBgV7lR906f-_pYpIDwiSIXKPQih_-Fu0D_,https://lh5.googleusercontent.com/p/AF1QipPkyDdOk59Uc35OXNMtXkOERqciwXVv_UFamSob,https://lh5.googleusercontent.com/p/AF1QipNWvGEiPwFgKDsTCRaH7HPKoW9rDj1baaCKx86P,restaurant,Damietta,Fast food restaurant
BabElhara,"El-Tahrir, Qism Damietta, Damietta, Damietta Governorate 8040307",0216483,babelharaegypt.com,4.2,"1,051",Damietta,https://maps.app.goo.gl/5d8anQd1uKA8bgNv7,CR66+4W Damietta,31.410312,31.812312,https://lh5.googleusercontent.com/p/AF1QipM1YugliLkD-oDh8bkBku12EH0_SCCEfzfhd_RH,https://lh5.googleusercontent.com/p/AF1QipNDTuvo1Alp1TPsLRV0dup7cYIHnhuf90XUoKuT,https://lh5.googleusercontent.com/p/AF1QipNX492CxJUNxFeI0rPnT0eSKXqEhwP1JzIHFT8G,https://lh5.googleusercontent.com/p/AF1QipPxTUfUR5ouHyWXURQ6PFGiSnKtjBzfS_dyMOD4,https://lh5.googleusercontent.com/p/AF1QipMHLYwMSTL-stvmqrMc3BHrgSWBbCg7ZGAh1QU5,,,,,,,,,,,,,https://lh5.googleusercontent.com/p/AF1QipNvRekQqvJY1EJb6_-Lv5hapVvXMGCJJ-54zI18,https://lh5.googleusercontent.com/p/AF1QipO3WzK6KRZdukOG2UI_BCWFtu32eUMRUGIivBcZ,https://lh5.googleusercontent.com/p/AF1QipPX85TMjyIuB9a1UEYv4rzT4qRPaRvd02lnU-yV,restaurant,Damietta,Restaurant
Estacoza,"91 ش الشارع, Al- harby, Shatt Izbat Al Lahm, Damietta Desert",057 2330828,Not available,4.2,"1,612",Damietta,https://maps.app.goo.gl/pq5SBReVKGoG5Ucs6,CRQ2+7Q Damietta Desert,31.438187,31.801938,https://lh5.googleusercontent.com/p/AF1QipMIjCK6KoMh8rak8uot1WlxES3VuytAHng6ky16,https://lh5.googleusercontent.com/p/AF1QipMLe6NHz1bhHpYEieb0LxkXpMkmwqUaSNM3lw8A,https://lh5.googleusercontent.com/p/AF1QipNqYqkdjJynEkB3-HHW1idE3-2Grz-2ek0ernz3,https://lh5.googleusercontent.com/p/AF1QipOLsnQXUVFR06HyxZo6MMHZQiH0q-zSg7bpwPGE,https://lh5.googleusercontent.com/p/AF1QipPZWX74-1WY9qDzAll_kha5Jd1kVUYMVi4GI-hG,,,,,,,,,,,,,https://lh5.googleusercontent.com/p/AF1QipOp90il8vczToHJy3VZorBrWBEeHGvvWajqV21U,https://lh5.googleusercontent.com/p/AF1QipPsfNWAdFMAiMBr4pNprpnhsFRXFxPwEv0PPtf0,https://lh5.googleusercontent.com/p/AF1QipNMo0Vwg1p4-BBaynBeHv1fHPryFoYO_gMsX34c,restaurant,Damietta,Seafood restaurant
Al Kelany Restaurant,"CR98+P64, Fekry Zaher, Qism Damietta, Damietta Desert, Damietta Governorate 8052211",057 2326472,https://www.facebook.com/alkelanyvillagebarbecue/,4.1,"1,880",Damietta,https://maps.app.goo.gl/TRBF7jDsHbQt2jRQ6,not available,31.419313,31.815312,https://lh5.googleusercontent.com/p/AF1QipN8YBXFXQ2efRG8dxGoGvNxVENzVdU86vREU2pW,https://lh5.googleusercontent.com/p/AF1QipMj_GRV-CpCma4yoMH9dbGzY3O0Xg5RqoCTC0Vw,https://lh5.googleusercontent.com/p/AF1QipMGeQdnKJLUBVFw5E6Jlg2QzLuKXsWVDsfkjkVo,https://lh5.googleusercontent.com/p/AF1QipMZ084hfsXvlsH6H-zdWUWgJUrZB9y5hs-rEXl0,,,,,,,,,,,,,,https://lh5.googleusercontent.com/p/AF1QipOsSUg3Ex9oCriLfexQcSJ3iFAXZDxaj3atKj5p,https://lh5.googleusercontent.com/p/AF1QipP2AJEi7xTiheyQSilwe3ukyvg0aABKBjFj0cHC,https://lh5.googleusercontent.com/p/AF1QipO2wqtqls7ugcyfsPVgI-ZWz_LtD7pDpf0cjHn4,restaurant,Damietta,Barbecue restaurant
KFC,"Qism Damietta, Damietta Desert, Damietta Governorate 8041122",0219019,egypt.kfc.me,3.4,984,Damietta,https://maps.app.goo.gl/1HsWequdr6fgrfNC7,CR86+CQ Damietta Desert,31.416063,31.811937,https://lh5.googleusercontent.com/p/AF1QipOV2SlI9ywwU3yyahwucIDO1BpFj_4A_4vWk7AX,https://lh5.googleusercontent.com/p/AF1QipPTWU536IG1PgbfUbNyuNIIkzNEg1eXXjK525jB,https://lh5.googleusercontent.com/p/AF1QipP9NZpNmScPGqQHICT27HTH09REc1did2pYSEQt,https://lh5.googleusercontent.com/p/AF1QipMt94YXG4YWmOYNKvXA5aAOg2l3R-BKQK6K_XiR,https://lh5.googleusercontent.com/p/AF1QipOqISaGqLbYNuYbdv3WXHi2xI1umeK98His5OkM,,,,,,,,,,,,,https://lh5.googleusercontent.com/p/AF1QipMF7X9Mw8CjHDeU3F7uT5qZT-wvBEXjaYQq94uA,https://lh5.googleusercontent.com/p/AF1QipP0uXL-7V-wxpDnpA2MkiT5g6j8yHRc_dyGc22A,https://lh5.googleusercontent.com/p/AF1QipNTyh4Y1rTR8Xm_V9VjCoUAHiWRMog0a7jL-1We,restaurant,Damietta,Fast food restaurant
Banadora Damietta branch,"CR99+CQF, Qism Damietta, Damietta Desert, Damietta Governorate 8042112",010 05545811,Not available,3.7,154,Damietta,https://maps.app.goo.gl/9qyjmXKCwp9ga6dR9,not available,31.418563,31.819437,https://lh5.googleusercontent.com/p/AF1QipPQD_kOSf9txAfwyR_rx5XcgvVkNHXERUwIHsJr,,,,,,,,,,,,https://lh5.googleusercontent.com/p/AF1QipOUTWIvBLVEx_A9nEs4dBnrrHCqyJCc-7Qou-EG,,,,,,,,restaurant,Damietta,Pizza restaurant
Café Suprēme - Damietta,"CQR7+72Q, Damietta El-Gadeeda City, Kafr Saad, Damietta Governorate 8035301",010 22226686,Not available,4.3,436,Damietta,https://maps.app.goo.gl/T6gGDb52U7Nv6jgo8,not available,31.440688,31.762563,https://lh5.googleusercontent.com/p/AF1QipPlN_KI3G02eY3xoVJ0jeeS9SVccLWeq3rg7eny,https://lh5.googleusercontent.com/p/AF1QipNtPIrmlXGYINFi3VoQz-yN6VXDYuNPWYeLcZD9,https://lh5.googleusercontent.com/p/AF1QipP7BNdFfXrL4ydl4q5PQAqMU04vahWRLgrF6Gpy,https://lh5.googleusercontent.com/p/AF1QipPykffFElML9trFWUPeMOB19r9iUvWf7j-TcD28,https://lh5.googleusercontent.com/p/AF1QipMJsXil3UyV2TAPAH-mH5JfFmbqxna1iqUjRy2e,,,,,,,,,,,,,https://lh5.googleusercontent.com/p/AF1QipNG3KjJnTACBkzNr01GWObaTE9OfZdc8Otk4d_h,https://lh5.googleusercontent.com/p/AF1QipN9cZduxpoLl8Z5gM1QdvhJ0zGiODf3JuvajNxZ,https://lh5.googleusercontent.com/p/AF1QipNCCZxTkDRYYRfGj34UIwBU6Zb-wadLqYxM1tNq,restaurant,Damietta,Izakaya restaurant
ROYAL CLUB,"Damietta - Ras El Bar Rd, Qism Damietta, Dameitta Second, Damietta Governorate 8051223",not available,Not available,4.4,436,Damietta,https://maps.app.goo.gl/3eCsJUDDCFPjGaQM8,"CQMX+35 Qism Damietta, Damietta Desert",31.432688,31.797937,https://lh5.googleusercontent.com/p/AF1QipOa5M-gYnEPjh9stvGA09ytXRs0xYRzip9pSe4W,https://lh5.googleusercontent.com/p/AF1QipNtZnmY--yFle6ZDJbQpRiAe3HDqh7DrdApHEel,https://lh5.googleusercontent.com/p/AF1QipPgU3jYBKNA3Ow7KI_qSsx91Va3zUbhePQo2vKC,https://lh5.googleusercontent.com/p/AF1QipNCER1YMY4v1h2Ib_Ijrbyn0aU8xWHSz5CoRk4F,https://lh5.googleusercontent.com/p/AF1QipPbhSm376Dy4rJXTTf5a5a2wr0Ihf78VEs4A6_z,,,,,,,,,,,,,https://lh5.googleusercontent.com/p/AF1QipPew1A99dklL9gRl0BfxKX0-Xv_eV8fqeLKkKJR,https://lh5.googleusercontent.com/p/AF1QipNtRFCHcGMWt3x0sqlRAXNb9pFhagPC8GTC9Src,https://lh5.googleusercontent.com/p/AF1QipOFYoWC_b0sOyEu1ivP98Zfs1NK6nrbPEIXgLnY,restaurant,Damietta,Fast food restaurant
مطعم عاالفحم,"Qism Damietta, دمياط الجديدة، Damietta Governorate 8040303",057 2416510,Not available,4.3,774,Damietta,https://maps.app.goo.gl/tYtxoj2EW59PvhMYA,"CR57+C7 Qism Damietta, Damietta Desert",31.408563,31.813187,https://lh5.googleusercontent.com/p/AF1QipMz6TUfBmYqIfUT_z48e8Fg7imugOhpm8_fcbJN,https://lh5.googleusercontent.com/p/AF1QipMBdSZZma7dnICb3AS89TTQiTkpZoxKGAB7tg_V,https://lh5.googleusercontent.com/p/AF1QipNCtLlKpZ0Q3XEYNF7TcnmAAgwF-b6oQuUPSTaF,https://lh5.googleusercontent.com/p/AF1QipOmoQKyEbx56_HDeLcj0wfabecVkyM-XnNDxrzw,,,,,,,,,,,,,,,https://lh5.googleusercontent.com/p/AF1QipMSRswoXplJMWTR3RvyYpyaq6ocFn4xLBIBSYy7,https://lh5.googleusercontent.com/p/AF1QipOkJMcx0Jy1_ur0ehplEdANyiAbJbbOEPhgAhDn,restaurant,Damietta,Barbecue restaurant
XYZ RESTAURANT,"بجوار المصرية للاتصالات, برج سكاي لاين, كورنيش النيل، Damietta Governorate 34511",016765,xyz-egypt.com,4.2,648,Damietta,https://maps.app.goo.gl/SjHZgMrZwwDWfxkt9,CRF4+X3 Dameitta Second,31.424937,31.805188,https://lh5.googleusercontent.com/p/AF1QipMy0rK3gh0XFE7nFkhKbp5f880Uv6j4PG6o_Og1,https://lh5.googleusercontent.com/p/AF1QipO5FsHngLHRDsO33GWSlJy-I0Qe2pJY1u9pTASB,https://lh5.googleusercontent.com/p/AF1QipPAdDajr2ZwgBcYq8kWbb1VfXAaHQVCKia2LoQY,https://lh5.googleusercontent.com/p/AF1QipM7I2gsu1j2r5pDWGWPeKKvrt9gD74ibVyxVF3T,,,,,,,,,,,,,,https://lh5.googleusercontent.com/p/AF1QipOvBs46quLSacP8AiUCSkaQRVuaAUQvEiPgBhJt,https://lh5.googleusercontent.com/p/AF1QipPu6_QsDSRMuu0rqlT44N0KcQD7UynXCA8COzDK,https://lh5.googleusercontent.com/p/AF1QipMuT6uVoiKXX2TJT32nEvCH5prPR63qAAgdqc-e,restaurant,Damietta,Restaurant
Mela Rossa,"CR85+2P2، كورنيش النيل, Qism Damietta, Damietta First, Damietta Governorate 34511",012 80060772,https://www.facebook.com/MelaRossaCafe/,4.1,221,Damietta,https://maps.app.goo.gl/ou8Xxa8r3fFFTqeMA,not available,30.235062,31.490063,https://lh5.googleusercontent.com/p/AF1QipMigpXgq-olV-Z1KzmxC1uzpA9FuPbTsh_d8Sk,https://lh5.googleusercontent.com/p/AF1QipOqSMx4NpaVYRFwXn9BHw7VWD6_jZ3Z2NuFAcUh,https://lh5.googleusercontent.com/p/AF1QipNjNR9HK1YDGG3NANJPYdfiwmD_IuhWT8iYjfga,,,,,,,,,,,,,,https://lh5.googleusercontent.com/p/AF1QipMe-5vycip7FVBR8szJCQXhusHT46CIxiMJ9zUS,https://lh5.googleusercontent.com/p/AF1QipNPUhQYElYB3bg-BIDexYApfFgdo6abGp3dLL15,https://lh5.googleusercontent.com/p/AF1QipNXZGtXxz5rlGjPiFNxqF2tb5KZ6YBMfM6202oj,https://lh5.googleusercontent.com/p/AF1QipP2JBVEqjoieQpvgeUU35t_M3OZaXvNSGV1ehKv,restaurant,Damietta,Restaurant
Rolls,"CR66+JXP, El-Itihad, Qism Damietta, Damietta First, Damietta Governorate 8040403",010 11992660,damietta-menus.com,4.1,382,Damietta,https://maps.app.goo.gl/nkzAYikNhSF2JPxA6,not available,31.411563,31.812562,https://lh5.googleusercontent.com/p/AF1QipN1dUzCVzUHDujdXH8-D86xVfAPEbNAYlVTbxGP,https://lh5.googleusercontent.com/p/AF1QipNrKJToyCJHwSZ9P_FcuA3tzINIuyuntCdg_2uu,https://lh5.googleusercontent.com/p/AF1QipOOALB6Zf2AOl3H5Dj1-w85vzLnzHQlisHI4Neg,https://lh5.googleusercontent.com/p/AF1QipM3dX-ObF1J9QgpVCrBmSZrapicWxaED9EY8uJ7,,,,,,,,,,,,,,https://lh5.googleusercontent.com/p/AF1QipNK3CtE8tSV0DMfFB_EpGlIEQkT9z262us1i-vs,https://lh5.googleusercontent.com/p/AF1QipOS7O_2tlGek0d7RfkSBIISg-_sT9dMlZxyG0F-,https://lh5.googleusercontent.com/p/AF1QipO6yeiO4I53EfX_9XHXiT9_P7acxDC7_VEgYX-6,restaurant,Damietta,Restaurant
Caviar Restaurant,"كورنيش النيل، قسم دمياط، دمياط،",010 05544725,Not available,3.8,813,Damietta,https://maps.app.goo.gl/oC8M4NxBzv2C8i5X9,CQ4M+HJ Damietta,31.406438,31.784062,https://lh5.googleusercontent.com/p/AF1QipMi1JxS7EZ-NmewI9AUz0Hc8acYd_Iy9Xap5jFE,https://lh5.googleusercontent.com/p/AF1QipOJTe-tQpmk8hOG0b2cvGWti7Mc-Ot7pYXlIK0F,https://lh5.googleusercontent.com/p/AF1QipMkMJaF2ftJ_6oPG9L6mOI1XZj4jXRRXGsYKE1m,,,,,,,,,,,,,,https://lh5.googleusercontent.com/p/AF1QipOIKoLnPLL0DU4njoU3oL0wqTNYXgltT1GX3u5w,https://lh5.googleusercontent.com/p/AF1QipPAA0-1cjlyezwMv4C5o7_bmIp0FO-A_gh94lPI,https://lh5.googleusercontent.com/p/AF1QipMow6f53fm8qVEfSed5kHJomPUlGMO1QbxeMgjs,https://lh5.googleusercontent.com/p/AF1QipMF2-lfftq6phNHFp0ArIbfgGo1vF7t4GvD7-vA,restaurant,Damietta,Fish & chips restaurant
بيتزا بارتي - فرع الكورنيش,"الاعصر كورنيش النيل, Qism Damietta, Dameitta Second, Damietta Governorate 34511",057 393000,pizzapartyegypt.com,4.1,865,Damietta,https://maps.app.goo.gl/4SUW76TyMfhUcPsz6,"CRH3+M2 Qism Damietta, Damietta Desert",31.429187,31.802563,https://lh5.googleusercontent.com/p/AF1QipM80kEUYFbwCN7N7ccjO5r32Z7HwSLxgTevvcpV,https://lh5.googleusercontent.com/p/AF1QipPbrW1ZAptIuHeIzIQ7O6PcoirWOEnJbC3hfy86,https://lh5.googleusercontent.com/p/AF1QipMLoXUZIphxBiCI3U0GfeD6t-bHawIynsm5OP53,,,,,,,,,,,,,,,https://lh5.googleusercontent.com/p/AF1QipMsappy-iTv-eHsZUPgwUIiKCrN_mJCW5QNsmNa,https://lh5.googleusercontent.com/p/AF1QipPiYbFl3rUlb--qs6QcTdr4oUEMGne7TgNCiLkg,https://lh5.googleusercontent.com/p/AF1QipMNCGnyJou9ysAEwB8p0b_YlO9S0k3uZUMbiwL7,restaurant,Damietta,Fast food restaurant
Abu AL-Araby Seafood,"CRF7+H62, Qism Damietta, Damietta Desert, Damietta Governorate 8052251",not available,Not available,3.9,634,Damietta,https://maps.app.goo.gl/yan6Vn1vc6t334Kf9,not available,31.423938,31.813063,,https://lh5.googleusercontent.com/p/AF1QipPUm3VLXsmoeIKZi82v4QWx2AW0tSmID6IBFaXN,https://lh5.googleusercontent.com/p/AF1QipOzXjruzz_gNE1TSEiU-xviaHANUCYwTTipCa5l,https://lh5.googleusercontent.com/p/AF1QipOLmcTMi_jhVA-mE_BoHkL4Xdb6hiYMr80g-I5-,,,,,,,,,,,,,,https://lh5.googleusercontent.com/p/AF1QipMzEnPTpIb6pxyQiDEccpuur-eVmGzkh_XaoiH4,https://lh5.googleusercontent.com/p/AF1QipO69_mHBDQrjokxdd8ZOdHXV_Z4sC2K_l-ayVvy,,restaurant,Damietta,Seafood restaurant
Bab El Hara,"الطريق الموازي للدولي, Damietta El-Gadeeda City, New Damietta, Damietta Governorate 34517",057 2060688,https://m.facebook.com/BabElhaara.Official/?ref=bookmarks,4.0,"2,256",Damietta,https://maps.app.goo.gl/GYc4AM8kzgHqN2KQ7,"CMX9+RW Damietta El-Gadeeda City, Kafr Saad",31.449562,31.669812,https://lh5.googleusercontent.com/p/AF1QipOk-OJ2ig3qJ5Vx9xY8azWnOHh-qjR1jBu5OAnJ,https://lh5.googleusercontent.com/p/AF1QipOHqnWPmaMHIb1J5R-e0goeuR5An_9Nzm1YFBfg,https://lh5.googleusercontent.com/p/AF1QipMXt0-WOjYNwqOqrzq4oJal1FMjeGclDHz1Gw9z,,,,,,,,,,,,,,,https://lh5.googleusercontent.com/p/AF1QipOynLV2NmxUtUZPz2KcQsQO8D9pN6TrMBywVAYa,https://lh5.googleusercontent.com/p/AF1QipPaaLk412HIYRAayr4NJvvHD5SFZtFfF6DUki6f,https://lh5.googleusercontent.com/p/AF1QipMgtmzR6r5gLcz0PMjyBaRMgrmy8XPb4tjIu_pu,restaurant,Damietta,Middle Eastern restaurant
Kebab Tnanwi,"قسم رابع بجوار مسجد المتبولى, Al Sheikh Asil, Qism Damietta, Damietta Desert, Damietta Governorate 8052107",057 2328413,https://www.facebook.com/eltenawy.Restaurant/,4.2,622,Damietta,https://maps.app.goo.gl/astjSpyfhh2tk16p7,CRG5+37 Damietta Desert,31.425187,31.808188,https://lh5.googleusercontent.com/p/AF1QipN1E3ARS1qOrW3lK4eK0-vSFp-vmaYkE9A3Uv_9,https://lh5.googleusercontent.com/p/AF1QipNp3SoczA_bIZLP3flmb8Jfr21hHr4CWLQ1OdWJ,https://lh5.googleusercontent.com/p/AF1QipO1tIlrnShM_ZO-P02zlArgE_b4cXYHgDu-l2Ha,https://lh5.googleusercontent.com/p/AF1QipPbgmNG8qrX0kl8yCPO9-6viP9hFYfzCfEyAjDX,https://lh5.googleusercontent.com/p/AF1QipNjjPOguVw58b6qqHpNpd9WqPn1torNU5XEOSFs,,,,,,,,,,,,https://lh5.googleusercontent.com/p/AF1QipOCIo8yJ88cgt0kYJJRXbVMl2TRdAaItWa7bEp6,https://lh5.googleusercontent.com/p/AF1QipNY7MYqdVWoOHguRMHAt15qOWmr_NwRJd2nKMAA,https://lh5.googleusercontent.com/p/AF1QipOqpBCavOwPkhi2JYhion127CzF8SUA1IvRxNET,https://lh5.googleusercontent.com/p/AF1QipNHMEAtlWlAC1h_E8S7A5fviBUToAc9SAJayyEX,restaurant,Damietta,Barbecue restaurant
Smash box Damietta,"دمياط قسم، اول شارع نافع، حارة فصل، دمياط, Damietta Governorate 34513",010 92350779,Not available,5.0,1,Damietta,https://maps.app.goo.gl/11kPLTnj5Ee8nnNp9,CR57+C6 Damietta First,31.408563,31.813063,https://lh5.googleusercontent.com/p/AF1QipNy0TAY0NM-G5pl6Xs466Rs96HWjttwKZdME6XF,https://lh5.googleusercontent.com/p/AF1QipNxMeQjrRkRf6xE-jMZQGyjvZvLi0ZiGuLzBI4r,https://lh5.googleusercontent.com/p/AF1QipPxepKqQh1s2p54UyxPd7xwX_CxmfjtRjHQ8MJt,https://lh5.googleusercontent.com/p/AF1QipPjdkNh688IvO7oOA2SYRdGLRcJn-QbnkwK8JM3,,,,,,,,,,,https://lh5.googleusercontent.com/p/AF1QipPJEHbze8KmL3WHjSsbAZpSVUsWTXQdksTOJS_t,https://lh5.googleusercontent.com/p/AF1QipMK-WXd8w98uThDWkOsOHrxQ2hHUZ2zCY-h_mlR,https://lh5.googleusercontent.com/p/AF1QipNhCJFvYGjnisO6Tc67G8eN1uOF3jnnnyJFdmd5,,,,restaurant,Damietta,Restaurant
Safo Restaurant صافو,"First Street, Nafi'a Street, Al-Mosharafa Square, First Department أول شارع نافع -أمام مركز أسامة خليل للأشعة, Damietta, Damietta Governorate",010 27504500,Not available,4.2,68,Damietta,https://maps.app.goo.gl/mT4HFsURkjokU6Wa6,CR57+89 Damietta,31.408313,31.813437,https://lh5.googleusercontent.com/p/AF1QipN7x1FSVv9N4_HN0uxqFGJU_uwP_PnOi1_bKPQa,https://lh5.googleusercontent.com/p/AF1QipOEkeHegE8UDN2cz7-xbICf8eoF7SdvA6fXc2jN,,,,,,,,,,,,,,,,,,,restaurant,Damietta,Egyptian restaurant
Damietta Restaurants,"CR97+2Q8, Qism Damietta, Damietta First, Damietta Governorate 8041126",not available,Not available,5.0,1,Damietta,https://maps.app.goo.gl/CZYRQN4F1f1KY54S6,not available,31.417563,31.814437,,,,,,,,,,,,,,,,,,,,,restaurant,Damietta,Country food restaurant
مطعم دعدور للمأكولات البحرية بدمياط,"سوق السمك, قسم دمياط،، دمياط،، دمياط،",057 2340070,https://www.facebook.com/daadour.seafood/,4.1,365,Damietta,https://maps.app.goo.gl/Nj7RnQLfYGyUGk8w8,CRC5+GP Dameitta Second,31.421312,31.809312,https://lh5.googleusercontent.com/p/AF1QipMUv0s6hZVtmi74bN4tprCztDe8oKwxybU71Beo,https://lh5.googleusercontent.com/p/AF1QipOfzEojnuB0qsnp2S9Jze4dTDpt7Iu4OH4Ur2CW,https://lh5.googleusercontent.com/p/AF1QipM_yHAxMFts5nW4RqOFw9i1cPqqD351hBLEyhVT,https://lh5.googleusercontent.com/p/AF1QipP4vpm7zfQiDt36oMkRNTUAAURbYalU22vJtNjE,,,,,,,,,,,,,,https://lh5.googleusercontent.com/p/AF1QipMeD6v2MmgUp9rOJYCRGNx1Ha9YXomcZYVpARY2,https://lh5.googleusercontent.com/p/AF1QipMvQyj4bbAXxEzNw1qp_s24x-wQwgwfwkrjz_Le,https://lh5.googleusercontent.com/p/AF1QipPDU9_fkAdRiOtSYhnj2r_XFH9VKTFCx49EiNyA,restaurant,Damietta,Seafood restaurant
مطعم الدميااطي _ Damietta Restaurant,"CMJ5+F6X, Damietta El-Gadeeda City, Kafr Saad, Damietta Governorate 8022240",010 90486061,Not available,3.9,37,Damietta,https://maps.app.goo.gl/JZgWUmHCrVQHxAC28,not available,31.431188,31.658062,https://lh5.googleusercontent.com/p/AF1QipNoEK58tlB9Wmzm5NnU9yoyDeqZt4l9NYiaifci=w408-h408-k-no,,,,,,,,,,,,,,,,,,,,restaurant,Damietta,Restaurant
عروس النيل للسندوتشات الساخنه تيك اوى,"Qism Damietta, Damietta Desert, Damietta Governorate 8054011",011 45079090,https://www.facebook.com/Aros.Elneel.eg/,3.9,856,Damietta,https://maps.app.goo.gl/VK9nn4GAP8g53FMF8,CRH3+79 Damietta Desert,31.428187,31.803438,https://lh5.googleusercontent.com/p/AF1QipNlwZmLbRASlIu3-r9UWV2oDVWyfgijuVAUEwbZ,https://lh5.googleusercontent.com/p/AF1QipPcWJktC_pKG6VY5DVvcuYCPqk6DvNZWzXAN4Up,https://lh5.googleusercontent.com/p/AF1QipNtjAA15N4o3tdDnU2JCCUGkdI0WD5bTpT6M7pt,https://lh5.googleusercontent.com/p/AF1QipNLjln8zGqzFJbsoXcEBHE-JE9DJSOT3IRGmYvg,,,,,,,,,,,,,https://lh5.googleusercontent.com/p/AF1QipMBC9gxrsnE2BjDYzdviooqNfxsv27K8zRIkHeg,https://lh5.googleusercontent.com/p/AF1QipPXBpTNNW2I3ekMud2O1NML1_uVjk48UIxfoQuj,https://lh5.googleusercontent.com/p/AF1QipMc3gS3iNW-I2R112_FxQMdIQP26cUZrDYxTIjn,https://lh5.googleusercontent.com/p/AF1QipM8aj_imZ3lELfsoCNaIJnLWNd2mtezKIbcwMy8,restaurant,Damietta,Sandwich shop
مطعم الدمشقي,"محمد أمين أبو يوسف، قسم دمياط، الظهير الصحراوى لمحافظة دمياط، دمياط،, Damietta First",010 30083233,Not available,3.8,58,Damietta,https://maps.app.goo.gl/CqpmFUmLy8a35kfQA,CR66+XQ Damietta First,31.412438,31.811937,https://lh5.googleusercontent.com/p/AF1QipP6ADrpCpMq1c03q2DuEEwzmWGNCQFappyZ0qVr,https://lh5.googleusercontent.com/p/AF1QipO5eXyr1XUN97M-uW8th50WeGNHvZNm_4JPMGNR,https://lh5.googleusercontent.com/p/AF1QipNAvWxZLyVvFKNNzAhPkNh7t2JgpUeGWF5tVUH7,,,,,,,https://lh5.googleusercontent.com/p/AF1QipNFL4clufGDgVuCSCANxccseDx_oPw35lMXlS8P,,,,,,,,,,,restaurant,Damietta,Syrian restaurant
Pizza Loverss,"Qism Damietta, Damietta First, Damietta Governorate 8040304",010 00453153,https://www.facebook.com/PizzaLoversEgy/,4.2,372,Damietta,https://maps.app.goo.gl/gbL6A12KGy4A5aMD7,CR56+7C Damietta First,31.408187,31.811062,https://lh5.googleusercontent.com/p/AF1QipPKJ4o-8opJNtqbYuEeba2YGvjG-j-5BlWrS4xo,https://lh5.googleusercontent.com/p/AF1QipN-ptyBClHHomDpoFDdTIksknslA_ixh6antezP,https://lh5.googleusercontent.com/p/AF1QipMOTjkKjLqIMIpHXM2a4HMRkPjnP_ABgRaYcdvs,https://lh5.googleusercontent.com/p/AF1QipMA6gjr4AvgrfI_GKf9rew1859kUVwh2zkkez0k,https://lh5.googleusercontent.com/p/AF1QipM_sry2ZTejNa96I6i7U47v3fjQjaosBoTpHxjm,,,,,,,,,,,,,https://lh5.googleusercontent.com/p/AF1QipMBT9IHo4I3f2Bl3oze5Fj9MTcESt-1oqLbKtgQ,https://lh5.googleusercontent.com/p/AF1QipO3E0UXbZfpFEXCjPDpedHnEXYDDi2EMrfCr0Al,https://lh5.googleusercontent.com/p/AF1QipNF8eCJkiPvTc0PEN6wuMxGL3gVBr0ALgWuW04B,restaurant,Damietta,Pizza restaurant
Pizza Party HQ,"Nasr El-Deen, Qism Damietta, Damietta First, Damietta Governorate 8040303",057 393000,pizzapartyegypt.com,4.1,705,Damietta,https://maps.app.goo.gl/x8jVxvu7Hn3anarg6,"CR57+M5 Qism Damietta, Damietta Desert",31.409188,31.812937,https://lh5.googleusercontent.com/p/AF1QipPVRLp47p32YFxFIfdFwM7tB-RUlMBRG2ge8V9C,https://lh5.googleusercontent.com/p/AF1QipOk3BsiGJ3WQEnx94_TenglPFh4SWD1AHH3ApY9,https://lh5.googleusercontent.com/p/AF1QipPxCtQLs7FYDW0R7EeE36Mo7LHJ48AHJWF1S4F5,,https://lh5.googleusercontent.com/p/AF1QipN6TXko3f2uwkrYLxP291D9zfFEzQOv5L8hg-Rc,,,,,,,,,,,,,,https://lh5.googleusercontent.com/p/AF1QipPQOIP0mEB-lShZ9obDkBzpLJF0Sc1ICkKK-CgI,https://lh5.googleusercontent.com/p/AF1QipO1_pYzQ2NaizlBHiCETfs45bknXKrus34OJZt6,restaurant,Damietta,Pizza restaurant
مطعم ابو صالح,"CRH8+J64, Qism Damietta, مركز, Damietta Governorate 8055201",010 20328316,https://www.facebook.com/abosaleh.egy?mibextid=LQQJ4d,4.2,214,Damietta,https://maps.app.goo.gl/wEs664VkrPPyEGs8A,not available,31.429063,31.815562,https://lh5.googleusercontent.com/p/AF1QipN1Wdui5Jz0lbuWq8dBjz_mI2OOgH0UOufJDyz6,https://lh5.googleusercontent.com/p/AF1QipN4xYdULdLEnL-z303OZV8Gl-Ppka13XLcN31ig,https://lh5.googleusercontent.com/p/AF1QipMQaILuZUU3hcmVO_EsM7VBhFLTTFgc_M9DwVSg,,,,,,,,,,,,,,,,https://lh5.googleusercontent.com/p/AF1QipPQRd_hkdTngVeOAH-JOAPma6ePuwUWwsnfXXpZ,https://lh5.googleusercontent.com/p/AF1QipOt5F7LxVtALphDpoRwPz9ZpbulcdBr0xQ6mp9T,restaurant,Damietta,Family restaurant
مطعم فرحات باشا,"شارع كورنيش النيل, Qism Damietta, Damietta First, Damietta Governorate 34511",010 09060253,https://www.facebook.com/FarahatBasha1/,4.2,69,Damietta,https://maps.app.goo.gl/zacrEQAwqaPykPeL7,CR85+2Q Damietta First,31.415062,31.809438,https://lh5.googleusercontent.com/p/AF1QipOhWTnHpdd874uEulo1E1eFuRfcXyYO-RHjlXeY,https://lh5.googleusercontent.com/p/AF1QipNoK6eCUGkzPvGPqb9MkQVe_yadhViVFt0CIlJI,https://lh5.googleusercontent.com/p/AF1QipPJjSYvbJ2yCwg2l-yN4EmqUAsjLhadiIDElUiU,https://lh5.googleusercontent.com/p/AF1QipN3u1PEKnKQDfeaG4sRfNVnS-JCVHva2u6wuliu,,,,,,,,,,,,,,https://lh5.googleusercontent.com/p/AF1QipOg1v9O8GZV3p5PmXbJkoDsEic7YBL0n_RWOtH8,https://lh5.googleusercontent.com/p/AF1QipPbwYETA2d1Tx4aZDZG9TOQdNBASmzdfBhXcs_w,https://lh5.googleusercontent.com/p/AF1QipN9DxRTwZmJxXBya6yh-cgEVd0yLfBzPZBjVO8-,restaurant,Damietta,Restaurant
مطعم بيت المقدس,"CR96+JWC, Qism Damietta, Damietta First, Damietta Governorate 8042031",010 00740009,Not available,4.1,489,Damietta,https://maps.app.goo.gl/e5EcK4CS8cqjanGy7,not available,31.419063,31.812312,https://lh5.googleusercontent.com/p/AF1QipMaqGF4iWFgQwqWQuHQNb6JUrSYVFlVuc683o7M,https://lh5.googleusercontent.com/p/AF1QipNpCsUcRjre-db9HbYlffMr8Nf8Imw8dipI7zz4,https://lh5.googleusercontent.com/p/AF1QipPr2g9o8HXvMjW0Vg2XgssUGM3s5J61OjxIYd-k,,,,,,,,,,,,,,,https://lh5.googleusercontent.com/p/AF1QipPmd52uldraUwDsUHVGibAUpO0_6ldxCFa_XMl4,https://lh5.googleusercontent.com/p/AF1QipMLoUwZBAY6xzhp2v5Z2mLw0LrC418gOtwGWkjY,https://lh5.googleusercontent.com/p/AF1QipMbq6FIf6EhBw7MSROkmhNI983zTxQpsnnrDahG,restaurant,Damietta,Meat dish restaurant
مطعم صافو للمشويات,"فكري زاهر، ميدان سوق الحسبه، 34512",010 04428442,instagram.com,4.1,371,Damietta,https://maps.app.goo.gl/hPSqy23RwMorWoW6A,CRC7+4Q Dameitta Second,31.420313,31.814437,https://lh5.googleusercontent.com/p/AF1QipOOEmg4nd9YIbLhe97eXz3Xmjh9xS_TDqZz5heY,https://lh5.googleusercontent.com/p/AF1QipNejFGrnIlUct5D7yqBrHJa2L5U9QGo7Bnx_kZQ,https://lh5.googleusercontent.com/p/AF1QipNlaSmX7eyO5nbdMjoQReIL-PbuRHFaMLrLzDLv,,,,,,,,,,,,,,,https://lh5.googleusercontent.com/p/AF1QipP9FG2raIGNcoCLhaASkCmhZThLTG2iFNdPTfDd,https://lh5.googleusercontent.com/p/AF1QipNVy75zpW21EIAlL9CnXPXo9VZnaHhh5k8GQAZb,https://lh5.googleusercontent.com/p/AF1QipObMBfMJKdr8VogCL9d2w3_BxOB9UxQFPINGv3l,restaurant,Damietta,Barbecue restaurant
ابن حميدو سي فود,"CRH7+HV7، بور سعيد، قسم دمياط، الظهير الصحراوى لمحافظة دمياط، دمياط،, Dameitta Second",012 02779009,Not available,4.4,314,Damietta,https://maps.app.goo.gl/LYrfuMY1Ugh5v8dq9,not available,31.428937,31.814687,https://lh5.googleusercontent.com/p/AF1QipOV7nv_aClwa2-1m1NFwGcZx-Pu-Aryb-L_eunC,https://lh5.googleusercontent.com/p/AF1QipPHntSF_Hv64EfS7rg2bfYgsEo90F39c0S42SGd,https://lh5.googleusercontent.com/p/AF1QipMSkdQcvjhJDLlPn2ZhHRWhFHbiFrf-lFb5AUsh,https://lh5.googleusercontent.com/p/AF1QipM7k-ohaJYZ-Y8t08quak8ml6nGkfVBooMFgoTZ,,,,,,,,,,,,,,,https://lh5.googleusercontent.com/p/AF1QipP_B3CD76cTXGU4p7pF9oCGNrDbfhpsF-ScuGzy,https://lh5.googleusercontent.com/p/AF1QipPnNfnkx8fYrpyZIcbICal6kbqwZ4oXl5BEtcUH,restaurant,Damietta,Seafood restaurant
Las paellas,"CRFG+QHQ, Rasheed Damietta Rd, Shatt Gheit an Nadara, Damietta Desert, Damietta Governorate 8053134",010 03134667,Not available,4.2,165,Damietta,https://maps.app.goo.gl/mfJU11ihnsC3ic746,not available,31.424813,31.826687,https://lh5.googleusercontent.com/p/AF1QipOJgLDUW3qfWSL2VL7fZEoY8RmOD-WwdC6isZjT,https://lh5.googleusercontent.com/p/AF1QipNvy_PG-zKyeHgfdEPtg06VyC1bZH0me8jcLY8V,https://lh5.googleusercontent.com/p/AF1QipP9NuBsPc61dn_VSLRkCmUGRyPwayde8o3wf55q,https://lh5.googleusercontent.com/p/AF1QipP4J3Osb7V5rqV3Uk9oNZm09TcYKanY_ifYHIzy,,,,,,,,,,,,,https://lh5.googleusercontent.com/p/AF1QipOXRaLI1dicFFX3S9unV6R8FQfgpbyqyLvEp6XY,https://lh5.googleusercontent.com/p/AF1QipPairV5UR8Og-tE4APaSEnYiFicE387HoGphbNZ,https://lh5.googleusercontent.com/p/AF1QipNyEX3ex4X9cYLXuk-i44dXkdFbLEw0fJ2To5JP,https://lh5.googleusercontent.com/p/AF1QipPH0B44BbvaEt8yCEWaVx7pdEAxH_DzU_hz7GV4,restaurant,Damietta,Izakaya restaurant
Frank's فرانكس,"Road 15, Damietta El-Gadeeda City, New Damietta, Damietta Governorate 34517",015 50809075,Not available,4.4,115,Damietta,https://maps.app.goo.gl/YEAbmvRd3XMcXmM49,"CMQ7+8R Damietta El-Gadeeda City, Kafr Saad",31.438313,31.664563,https://lh5.googleusercontent.com/p/AF1QipOGx8uJvyP3_Jysn_VyRgnOLbadTfjUlblfgbu-,https://lh5.googleusercontent.com/p/AF1QipNpZEzgASCVryy4IiPRGVSSmieOEnhYtvs7YDdu,https://lh5.googleusercontent.com/p/AF1QipOJb2GPGWGLMqBwBpLf_Nr7r0zsOC7bMoMcxQSr,,,,,,,,,,,,,,,https://lh5.googleusercontent.com/p/AF1QipOMdzvVcCFaoPFHb3QmJC2swE4SSJfqOxKghBDT,https://lh5.googleusercontent.com/p/AF1QipNgiTDUXcoPmGYGSECus-fz8UYC3jmyvqlLhjCt,https://lh5.googleusercontent.com/p/AF1QipO41GmvwWj0rR_2KcEyKZHWKd4SANvI_w84_3VN,restaurant,Damietta,Restaurant
مطعم حبايبنا,"Damietta El-Gadeeda City, قسم دمياط، Damietta Governorate 7994135",010 03329276,damietta-menus.com,4.1,252,Damietta,https://maps.app.goo.gl/3PGufKuFjNGB9Qjq9,"CR22+V3 Damietta El-Gadeeda City, Kafr Saad",31.402188,31.800187,https://lh5.googleusercontent.com/p/AF1QipNIEsEjce8lCJUMqxtponhSQ5_HoQ749xKeq-B1,https://lh5.googleusercontent.com/p/AF1QipM8g2QC8bqQk6qoIkS9OHyHwSBuKtKtde5G3f3o,https://lh5.googleusercontent.com/p/AF1QipNlpssBfvqBsAZFhhEGpVYPKPqjNdmw1UiRyAxV,,,,,,,,,,,,,,,https://lh5.googleusercontent.com/p/AF1QipMZw5lE3CkdaT18h4MFs-7QejfZW-MfHaATmApA,,https://lh5.googleusercontent.com/p/AF1QipN-7ZYgucAMQoAwq6kB9k8T0MyiKPoRbRvF0lWX,restaurant,Damietta,Fast food restaurant
كشري زيزوو,"Qism Damietta, Damietta Desert, Damietta Governorate 8041104",057 2234047,Not available,3.7,547,Damietta,https://maps.app.goo.gl/Y7QwHth9nXCnipXe6,CR76+PC Damietta Desert,31.414313,31.811062,https://lh5.googleusercontent.com/p/AF1QipMW7yrqiWYtLhaOQodbuBCKlVryAXZpk5pG3YGt,https://lh5.googleusercontent.com/p/AF1QipP-xoLm_71ablET8HVtZW2QhiIuEZKVdPMcMIpZ,https://lh5.googleusercontent.com/p/AF1QipOnkVBwa2o0TlMIDdZBVDcbtGwK8UO_JSxzz8XM,https://lh5.googleusercontent.com/p/AF1QipPb-9Y_QYWaix84YCMx5SFF-MH7pDh2nFPYL3PP,,,,,,,,,,,,,,,,https://lh5.googleusercontent.com/p/AF1QipO4Fm0rWWWJMl_099Yia8hFzVNrzhhG-V1eg6yf,restaurant,Damietta,Restaurant
مطعم شيخ الكار 2,"CR66+QHQ، Unnamed Road, Qism Damietta, Damietta First, Damietta Governorate 8040332",010 23237086,Not available,4.1,178,Damietta,https://maps.app.goo.gl/c3ezG21oceHDnVY46,not available,31.411938,31.811438,https://lh5.googleusercontent.com/p/AF1QipO2paEk3RKNtZoyRFtXzaJzBfvXtGE_9EXvkZ2t,https://lh5.googleusercontent.com/p/AF1QipPD1crxifc9hg4tN7g1IF3A7tJP4d8UjE_zDow4,https://lh5.googleusercontent.com/p/AF1QipMCZrZCiGfLAQwu4WnZdzuCpOs2sK7tsDYpe-Sf,https://lh5.googleusercontent.com/p/AF1QipPtO8E6LjAqbzd2YU1W6Q-SlFmLR65XShi2Eab3,,,,,,,,,,,,,https://lh5.googleusercontent.com/p/AF1QipNy1t7G0r7L34iwjr6OG_49I1c5gdwh8sGhkkj6,https://lh5.googleusercontent.com/p/AF1QipO2B1Z8P_UVysSPbSvjtNbd2WIOaitxXfACbBeL,https://lh5.googleusercontent.com/p/AF1QipMmfxvGHREPLKAayGPuNN7LeWonjZio83lPzcEy,,restaurant,Damietta,Restaurant
مطعم السنيور,"CR88+6GC، شارع البدر القديم, Qism Damietta, Damietta First, Damietta Governorate 8041133",010 02502558,Not available,4.1,52,Damietta,https://maps.app.goo.gl/u6FqCRdT85DpvrhC8,not available,31.415563,31.816313,https://lh5.googleusercontent.com/p/AF1QipNn_dDXglUu6l3SFfQv6dkytYS7m7YhVjGfTHEY,https://lh5.googleusercontent.com/p/AF1QipMd5wA9VJrEg5-Evl7DNS-rvqmCujNF1wXu5-1K,https://lh5.googleusercontent.com/p/AF1QipPwVxIkVxaJmK5lTyDRwDapfEHxwZHZGtVvPhSC,,,,,,,,,https://lh5.googleusercontent.com/p/AF1QipMwvcf-p8lPDU4VzSLig1ls0MjfIT2fapy_72HC,https://lh5.googleusercontent.com/p/AF1QipOBPhnYErs4ZF8GqdL3rmD64eJ04nfN-1E0yfHk,https://lh5.googleusercontent.com/p/AF1QipOtUlQn21O_PwRo2F2cmf-63D_sHhvxSD6Fu8pL,,,,,,,restaurant,Damietta,Meat dish restaurant
3al faa7m,"CMPG+JM2, Damietta El-Gadeeda City, Kafr Saad, Damietta Governorate 8025002",057 2416510,https://www.facebook.com/3alfaa7m,4.2,"1,081",Damietta,https://maps.app.goo.gl/SuDZ5za25jsXS5SY8,not available,31.436563,31.676687,https://lh5.googleusercontent.com/p/AF1QipNzlHzv5V--iXVsHVef_JO2qa4gcbnmFzmbVUxK,https://lh5.googleusercontent.com/p/AF1QipMSeviDhZB9VzZBlb6wFIdE0lxCLlta95z0I2ms,https://lh5.googleusercontent.com/p/AF1QipM9-eE3XDkcrhC6MUR2PewSwhZxEn8nfh6wdU0V,,,,,,,,,,,,,,,,https://lh5.googleusercontent.com/p/AF1QipM0GggGRbnge1UV8_xR0IyotD0puqxFk7E306tn,https://lh5.googleusercontent.com/p/AF1QipObgkagPAbnCLuQUDBrJ_vUuOh1TfORzmcGrq78,restaurant,Damietta,Brunch restaurant
حواوشي عمو بديع,"CR26+V8P, شارع العشرين، Qism Damietta, Damietta Desert, دمياط،, Damietta",010 04464401,Not available,,,Damietta,https://maps.app.goo.gl/smHURF8LMAqEEec87,not available,31.429063,31.805563,,,,,,,,,,,,,,,,,,,,,restaurant,Damietta,Sandwich shop
Tarh El Bahr,"Al Kabas Square, Qism Damietta, Damietta First, Damietta Governorate 8041126",not available,Not available,3.9,16,Damietta,https://maps.app.goo.gl/rLAYF45LvohpiFSz9,not available,31.417563,31.814188,https://lh5.googleusercontent.com/p/AF1QipOWVXOJB-RNC0c2s8uo8U2UZYjDb4Bt9DHhSJkS=w408-h544-k-no,,,,,,,,,,,,,,,,,,,,restaurant,Damietta,Restaurant
الميجو بتاع الكبده,"CR67+958, Al-Matari Street, Sorour District،, Qism Damietta, Damietta First, Damietta Governorate",015 01901030,Not available,5.0,3,Damietta,https://maps.app.goo.gl/ErQPMKsAWPKdjsaVA,not available,31.413750,31.813750,https://lh5.googleusercontent.com/p/AF1QipNsWWYKD7rZrocd1x4IT8qDHo3BJrOJQSO_KLuc,https://lh5.googleusercontent.com/p/AF1QipNJyWgkvffr_k07f9nno_IZrXK57ZrQqE65knH5,,,,,,,,,,,,,,,,,,,restaurant,Damietta,Fast food restaurant
ابن حميدو,"CRC6+72R، شارع فكري زاهر ، منطقة سوق السمك ،قسم أول, Damietta First",010 25805909,Not available,4.0,36,Damietta,https://maps.app.goo.gl/rhdy1jBytZpikiF88,not available,31.420437,31.813938,,,,,,,,https://lh5.googleusercontent.com/p/AF1QipMjPKxH2E2Jdaf9_2uMAzKK6aT-J4CLVFNmJC5N,,,,,,,,,,,,,restaurant,Damietta,Seafood restaurant
Broast Albaik,"CQXW+547، طريق رأس البر، كورنيش النيل",010 50040727,Not available,4.1,37,Damietta,https://maps.app.goo.gl/nJFfk7WZHKUXxNyq9,not available,31.447938,31.795313,https://lh5.googleusercontent.com/p/AF1QipPakqYGcfKobU-6b-HZJJdVZyeoPMh_B_KahQEP,https://lh5.googleusercontent.com/p/AF1QipPrZI0J0MtjWvdQvB8iN_xt2x-8DDInNxblFm5Q,https://lh5.googleusercontent.com/p/AF1QipMd2vu5SNwLtMa4eQpW4GTkht7BYzhPH63QMMQf,https://lh5.googleusercontent.com/p/AF1QipNHCw2yb_7BxioqvJiv4NxIk_mdSai87Wh5eEHQ,,,,,,,,,,https://lh5.googleusercontent.com/p/AF1QipMf-wqk6VEd6H2BZXp3zNO462CIgpgjIBtV039O,https://lh5.googleusercontent.com/p/AF1QipMZeCZpgzq2iq_0lFnmRXmj-ZnuDvrP0SqbiUbm,https://lh5.googleusercontent.com/p/AF1QipOgx_Cpms0Mp8snfHx13FzrVv99kstt4ybQaO_U,,,,,restaurant,Damietta,Chicken restaurant
Out & About Restaurant,"Street # 15, Damietta El-Gadeeda City, New Damietta, Damietta Governorate 8024705",not available,outandaboutrestaurant.com,4.6,83,Damietta,https://maps.app.goo.gl/VqE1m7YqRwQDSJTZ6,CMR7+WQ New Damietta,31.442312,31.664437,https://lh5.googleusercontent.com/p/AF1QipOlaMbsPEb6btEiLI2jBaNFQXcKRSVX7iKY1__L,https://lh5.googleusercontent.com/p/AF1QipPvSIRlx-MQXI9CTX0gdx-z7F2tIFnBnKEmyUPQ,https://lh5.googleusercontent.com/p/AF1QipOLmkBBrrobnyhkbbwEB_fzno_3_K7zl-8Rqoqp,,,,,,,,,,,,,,,,https://lh5.googleusercontent.com/p/AF1QipOGSMmpyl6jxfYl747enJan0_14kdDVoM2-usqt,https://lh5.googleusercontent.com/p/AF1QipMt_CS9WiuOo0Q8ohaAW0jpEcWqzdQ6ObroYZj3,restaurant,Damietta,Restaurant
مطعم ابو اسكندر للمأكولات البحرية اول طريق السياله,"1 السيالة الجديد، قسم دمياط، دمياط،",010 10904299,Not available,3.8,79,Damietta,https://maps.app.goo.gl/DdJsh8nAgR21TDjc7,CR59+R7 Damietta First,31.409562,31.818188,https://lh5.googleusercontent.com/p/AF1QipM11Yk5rybp4ij9qZM-3XBkI97rWio-SjZUfvso,https://lh5.googleusercontent.com/p/AF1QipM5wmzBRGK9RfYoCYJD_R27Tsd19eHS-1_AIN0Y,https://lh5.googleusercontent.com/p/AF1QipMd18PrG58zURa2djkphmEFxIVIBk3o0cLoRKx-,https://lh5.googleusercontent.com/p/AF1QipOA5WU9WixY2hONEWmc0DURUC3ms79Dd1QZhBuW,,,,,,,,,,,,,,,https://lh5.googleusercontent.com/p/AF1QipPxpwmCf6wOrsNT-XaFUjogI_4sW8ZhVB5mP7Ts,https://lh5.googleusercontent.com/p/AF1QipPg1XDplq1b9aM0CaVxRxbeKqZg627Na4rN3njZ,restaurant,Damietta,Seafood restaurant
مطعم و حاتي مصطفي للمشويات,"امام الملجأ, Abou El-Wafa, Qism Damietta, Dameitta Second",010 92457478,Not available,3.8,115,Damietta,https://maps.app.goo.gl/ADKGoz3sfWtyuq6k7,CRC7+X8 Dameitta Second,31.422438,31.813313,https://lh5.googleusercontent.com/p/AF1QipNtbaCEYoorVxDtuYd6NkCIUF-XicgU4Z8dKY1J,https://lh5.googleusercontent.com/p/AF1QipMeSxlw0HdjQ2350DQBKu_JXT5VKdbS6NmUh5jq,,,,,,,,,,,,,,,,,https://lh5.googleusercontent.com/p/AF1QipN48EvUWP9CXYWwgCL7Ho9q-L0s7VnN0yxvnNJQ,https://lh5.googleusercontent.com/p/AF1QipNg8qJWdcbnppIENIrDIlQuoXVZt9Y6nHGMki7i,restaurant,Damietta,Barbecue restaurant
Brazilia Restaurant & Cafe,"باب الحرس، قسم دمياط، دمياط،،, Qism Damietta, Damietta Desert, Damietta Governorate",011 01280700,Not available,4.4,90,Damietta,https://maps.app.goo.gl/u3eYQ5DvZ1AFu6pK8,CR67+8W Damietta Desert,31.410812,31.814813,https://lh5.googleusercontent.com/p/AF1QipPsrgtAfsckeVEOoHysXOpOzByNDkXekHWdS10Z,https://lh5.googleusercontent.com/p/AF1QipOKOHCb8wdbLIQBSCk-pN_Y9YveG-bCnrJmth0f,https://lh5.googleusercontent.com/p/AF1QipP7m4lwFXRd8zoNl-afUSB2w00--QliZ5LUd7tM,https://lh5.googleusercontent.com/p/AF1QipNTWxbuZXQ5-D-1Nc2ootAxApx09E1V9UuyOvq0,https://lh5.googleusercontent.com/p/AF1QipOMTnsNED665ca3sNcDRWqZFdOM_hXyCv0nhtUD,,,,,,,,,,,,,https://lh5.googleusercontent.com/p/AF1QipNeOsKlIeKeU_oLf2JVBzRHS6zA_m5Ylt1yVlA8,https://lh5.googleusercontent.com/p/AF1QipM34XsugnNARRN7twmtiem9ekCSBdVgZVlD4ECN,https://lh5.googleusercontent.com/p/AF1QipO-1QG10O2Ci6tYHS_c4gWnLukWl2S6N3vUiwnW,restaurant,Damietta,Izakaya restaurant
Every Day Cafe,"Unnamed Road, قسم دمياط،, Damietta Governorate",not available,Not available,4.2,250,Damietta,https://maps.app.goo.gl/MiUTBUDcHNFG7Crp7,CR46+4M Damietta First,31.405313,31.811687,https://lh5.googleusercontent.com/p/AF1QipPKVfAZe-Ltuf0N_MOPxECrMhMQUlB80il8rVqE,https://lh5.googleusercontent.com/p/AF1QipOfarFoisv4_k6IXtUr8AmVpQMLEzl1TMspK8Lx,https://lh5.googleusercontent.com/p/AF1QipOUxE2Yf-0M-1o2nxffE7cQiSuGT82vVSf9-qw6,,,,,,,,,,,,,,https://lh5.googleusercontent.com/p/AF1QipM6OQuB_ZxhLHvi2j2G4ZK_qoDoRNkdxErUDUYO,https://lh5.googleusercontent.com/p/AF1QipPpDSGnX-n5Z3GapH4e6NBbJeb8ooQ-vAHFhgCI,https://lh5.googleusercontent.com/p/AF1QipPSKNjPTY_DEgoEcm7vOnaNKRectbMUBpNt3qd9,https://lh5.googleusercontent.com/p/AF1QipMfM8AyIzIervL52qNkPakcAtYGNZf-q9LgiJAG,restaurant,Damietta,Takeout restaurant
Sea Door,"Ras El-Bar City, Damietta Desert, Damietta Governorate 8071223",010 68870887,Not available,4.1,"1,357",Damietta,https://maps.app.goo.gl/6qowuXtn584K4V7y6,GRCP+7Q Damietta Desert,31.520688,31.836937,https://lh5.googleusercontent.com/p/AF1QipNA60KHUl2UpU_e6xOio8wESgAU1p-VlGhnv3pE,https://lh5.googleusercontent.com/p/AF1QipOIoLZKLBOpS5vDznKHe6ywloAogmg7E_SHZ2Zt,https://lh5.googleusercontent.com/p/AF1QipOK4baojQ4lZRKXQLZi9KMFdEZ89azt8gktDT55,https://lh5.googleusercontent.com/p/AF1QipM62-_VWyTUJu9CXXApIBXO6-HL0fAquVAbKWZj,https://lh5.googleusercontent.com/p/AF1QipMMLwnwW9Y4CMGgVpC-M7KZuMsWdLRKeccW5czk,,,,,,,,,,,,,,https://lh5.googleusercontent.com/p/AF1QipOz71RxUrshxPVhluMMbdpsI59FxJrcJP44o5Fd,https://lh5.googleusercontent.com/p/AF1QipP8zkl6NqkhG0eGHLclWcyfE5EtEJZQ68IimIP9,restaurant,Damietta,Seafood restaurant
مطعم اصيله,"42 Al Kabas Square, Qism Damietta, قسم دمياط،، Damietta Governorate 8042040",not available,Not available,5.0,1,Damietta,https://maps.app.goo.gl/yJ8sSbPZ1KEoeScN7,CR97+2R Damietta First,31.417563,31.814563,,,,,,,,,,,,,,,,,,,,,restaurant,Damietta,Restaurant
كشري الزعيم,"CR66+FVF, Qism Damietta, Damietta First, Damietta Governorate 8040403",010 01630851,Not available,3.9,131,Damietta,https://maps.app.goo.gl/FWCw1oSDvQ1LaJV96,not available,31.411187,31.812188,https://lh5.googleusercontent.com/p/AF1QipOiMLzA0xAs59LZ24hzxCFeEAaei6vo7eArMlPR,https://lh5.googleusercontent.com/p/AF1QipOKpUZ4xHZKcPi8JtKFMyQ79Q-4r2HBnIuLcgqI,,,,,,,,,,,,,,,,,https://lh5.googleusercontent.com/p/AF1QipP7LSq4VK4jda-mrGlWg3OEwFlLiYbLUVN6gxd8,https://lh5.googleusercontent.com/p/AF1QipOn_hrX7VUij4Q5JQMs4cCPJyTUdQlIR_9FMKcN,restaurant,Damietta,Restaurant
مطعم كرم الشام,"حضانه ناصر، ميدان سرور بجوار بجوار",010 20204602,Not available,3.8,13,Damietta,https://maps.app.goo.gl/Tv7zWVevBNZu3Ckr9,CR66+RP Damietta First,31.412062,31.811813,https://lh5.googleusercontent.com/p/AF1QipPyBjDmMxJZ7Oxg5ZmxXTv3JnEZZXkoh_nop7wf,https://lh5.googleusercontent.com/p/AF1QipNI9J2hbFY61ZMQrL5QtXGvOorPzhuwI8-O4HzU,https://lh5.googleusercontent.com/p/AF1QipNy_B4tzytW4y7BC3kvQir66WbaAHukNOJoknAF,https://lh5.googleusercontent.com/p/AF1QipOLxoBmohkZNVm9O0OW1ZGyvQ2smL4Qy_kHM9Ma,,https://lh5.googleusercontent.com/p/AF1QipNZ458y-54-8Hyb5laRKvb5WuNk2ggL6qr8Y_he,https://lh5.googleusercontent.com/p/AF1QipMLEUEyO_DVh6vNv8B1-U3-dlkov5RaLATL5K9L,,,,,,,,,,,,,,restaurant,Damietta,Restaurant
دجاج البيك دمياط,"CQWW+X62, Damietta - Ras El Bar Rd, Qism Damietta, Damietta Desert, Damietta Governorate 34511",010 50040727,https://www.facebook.com/AlBaikDamietta/,3.4,10,Damietta,https://maps.app.goo.gl/JCXFjq4C2CSN79HE8,not available,31.446250,31.796250,https://lh5.googleusercontent.com/p/AF1QipPijwAuehffMpuTqtnYDFhEfCRRYAemaxTI8nJb,https://lh5.googleusercontent.com/p/AF1QipPPoJqsBToVgX85346ZGI9tveCTPB2aO9IjedKu,https://lh5.googleusercontent.com/p/AF1QipNuQ2PI4xdreRjPNTXQ3_yB82hHs_Ke0LqE-MmO,,,,,,,,,,,,,,,https://lh5.googleusercontent.com/p/AF1QipNzWzp2_1_aBAo-CVHQ5g89nbSkfqdSGAMRgBB3,https://lh5.googleusercontent.com/p/AF1QipO-PgZBm7Bx8JoGYIyZXb6_7iqgO9UUnfhGoO-h,https://lh5.googleusercontent.com/p/AF1QipOT1I4L8Z4J3gu6WE46y3BIwprCVdxOxUskVD2x,restaurant,Damietta,Chicken restaurant
ساندوتشات أبو ياسين,"CRCC+878، Old Salkhana Street, Harra Ibrahim Sarsar District, First Damietta Division, Dameitta Second, 8052356",010 04180846,Not available,,,Damietta,https://maps.app.goo.gl/2Uykot3a7gK3CGVt7,not available,31.420813,31.820687,,,,,,,,,,,,,,,,,,,,,restaurant,Damietta,Restaurant
فول وفلافل المتبولي,"CR76+R64, El-Rashid Ln, Qism Damietta, Damietta First, Damietta Governorate 8041103",010 93359333,Not available,3.2,9,Damietta,https://maps.app.goo.gl/246ETbcPTm6mkV7Z8,not available,31.413187,31.809063,https://lh5.googleusercontent.com/p/AF1QipNyOXdBngmwmN2qrQFUkZBwl00jZL3QmdMvclan,https://lh5.googleusercontent.com/p/AF1QipO1U4OHH1oLSqLxkxir-I6A6SiIRIxRFHJCROsk,https://lh5.googleusercontent.com/p/AF1QipM9e-8qd2yJ5fqYxUAbyzXaCtELYD5QcdskKoPo,,,https://lh5.googleusercontent.com/p/AF1QipPbwHc73PG9lLzcpTju0sQt2qvpCz-0dptrJLXS,https://lh5.googleusercontent.com/p/AF1QipM7YsSo82ziyaQKEYO_x7Js4OjpGqpwl1uux5Ow,https://lh5.googleusercontent.com/p/AF1QipOIrSnYBzItqd1JG5Yz7ews1Ccz8jtSOkfM2cjI,,,,,,,,,,,,,restaurant,Damietta,Falafel restaurant
أصيلة بروست,"امام السافوري الجزار، ميدان سرور, Qism Damietta, Damietta First, Damietta Governorate 8040406",010 94869336,Not available,4.3,56,Damietta,https://maps.app.goo.gl/Ysa8ffhb3H2RQYkP6,CR66+RP Damietta First,31.412062,31.811813,https://lh5.googleusercontent.com/p/AF1QipPiS2fNd53tPMpBTWoe7l_kgz4gkNunJvj9H2U4,,https://lh5.googleusercontent.com/p/AF1QipN2isZz5CiJzgDDw9DRWzxKrKK8ONhD1GKF9KfI,,,,,,,,https://lh5.googleusercontent.com/p/AF1QipNMgnm05u9J3ecn6XhTQ804r4UoOaU9rTGkhWK5,https://lh5.googleusercontent.com/p/AF1QipM9e69mGQZHNMf2t-pIXHJyG6chcAzZHRfYYm02,https://lh5.googleusercontent.com/p/AF1QipNlMS80IcrBN3RWdVhSioCwwzsL_9rRekBHqcRl,,,,,,,,restaurant,Damietta,Chicken restaurant
كشري زيزو,"CRH6+RG4، جمعية آدم، قسم دمياط، الظهير الصحراوى لمحافظة دمياط، دمياط،, Dameitta Second",not available,Not available,3.9,102,Damietta,https://maps.app.goo.gl/3jKVWq5G4X7SUqBy5,not available,31.438063,31.811438,https://lh5.googleusercontent.com/p/AF1QipPO3NhB4tZRJ95uX40oF9dZEJFnduzyBSgk_qve,https://lh5.googleusercontent.com/p/AF1QipPLnnTnHXys6NRrCMJXsAHV3ZsijikGaaQypcRI,https://lh5.googleusercontent.com/p/AF1QipP1Mk-kZ2Jsq7IUi-cwRJKi0-AtAGLFBLcV_RBE,https://lh5.googleusercontent.com/p/AF1QipPw94dzGD1biu4Qvn0NOYTa9EYLdiyxK1PuRHXS,https://lh5.googleusercontent.com/p/AF1QipOzYpEzwHCIvse4vRmTbW0_Y7x4G-Ix20mW1kTI,https://lh5.googleusercontent.com/p/AF1QipM-o9KVgX8N5_9ac1A080ErEJRcrhp-JZIZ2jWR,,,,,,,,,,,,,,,restaurant,Damietta,Restaurant
فواكة البحر,"CRC6+72J، Sahel Al-Ghalal Street, Al-Tijari Area, First Damietta Division, Damietta First",010 25805909,Not available,5.0,1,Damietta,https://maps.app.goo.gl/g3QoXqsk1eYEaBBd7,not available,31.420687,31.810063,,,,,https://lh5.googleusercontent.com/p/AF1QipOZXBdvQbfupffQyK5Wqp8hNsAC_DN4_vDfNLhl,,,,,,,,,,,,,,,,restaurant,Damietta,Seafood restaurant
Iron Kitchen,"مول الصفوة, Qism Damietta, Damietta First, Damietta Governorate 8041126",010 30087879,https://m.facebook.com/Iron-kitchen-138814316970840/,4.3,166,Damietta,https://maps.app.goo.gl/rLNTRm2u1RRouN3E7,CR97+2Q Damietta First,31.417563,31.814437,https://lh5.googleusercontent.com/p/AF1QipO7QYwZMDMhmZ2VbDeRb5mpSmrsQUj2hbneLbfF,https://lh5.googleusercontent.com/p/AF1QipMT2-efmwBqM8WAmKE5CEv3N65ajRk7VWwsJJY,https://lh5.googleusercontent.com/p/AF1QipOulu4MOIQY0Uc6Nn_9AqAq2sCTJckQ8ho0BD-S,,,,,,,,,,,,,,,https://lh5.googleusercontent.com/p/AF1QipN6FvNdsreoF_cxduUA2PVY94EakUIRj62sUL0x,https://lh5.googleusercontent.com/p/AF1QipNpeVGHZ29hOisBi5AaQESbuP3cPVXyK85uzcPS,https://lh5.googleusercontent.com/p/AF1QipMn-nm1hGQ0bsOxQfqV-nRhCZXAItRJ7q5FY4N-,restaurant,Damietta,American restaurant
كله بالبطاطس,"CR67+J2H، ميدان سرور، قسم دمياط،, Damietta First",010 09489577,Not available,4.2,6,Damietta,https://maps.app.goo.gl/y9aC5yaFhEkhKETr9,not available,31.412062,31.811813,https://lh5.googleusercontent.com/p/AF1QipNwmIPTVJcWZlt2TC3icJgNKI4O5ejz2_VFsx3M,https://lh5.googleusercontent.com/p/AF1QipNGFywAbkv_0j6KlQ8Ar1zdvmkMZsPZOxvgvWi1,https://lh5.googleusercontent.com/p/AF1QipMlcuDYZfA0F0fl1wIooyP0DDMGIgMVJI3V7kky,,,,,,,,,,,,,,,,,,restaurant,Damietta,Restaurant
Abo Saleh Restaurant,"شارع المهندس حسب الله الكفراوي, Damietta El-Gadeeda City, Kafr Saad, Damietta Governorate 8025224",010 17929100,https://m.facebook.com/abosaleh.egy/,4.1,"2,398",Damietta,https://maps.app.goo.gl/Bahg5FyGqj8WxX7e7,CMWJ+7V Kafr Saad,31.445687,31.682187,https://lh5.googleusercontent.com/p/AF1QipP1GvCP-aUhKc4NA5ECsI1d9PFzB8jo3scH1Zc0,https://lh5.googleusercontent.com/p/AF1QipPPkHi0VxIPK27WHsXUvqfHb99DwO-JTjlAU-AH,https://lh5.googleusercontent.com/p/AF1QipOwMBAtg0DNq9ms3mRdkYuKCw_LAmcOsjlMOuGK,https://lh5.googleusercontent.com/p/AF1QipPQRroZaXZVTBwDrFneJye4aXiZYSaUtkJ0tWB4,,,,,,,,,,,,,,https://lh5.googleusercontent.com/p/AF1QipNmAU4KIiyfnOQgZnUpe7zXgZzRo1TOuyK7JEYJ,https://lh5.googleusercontent.com/p/AF1QipNX2EFFlrkohmLJTnLXHD7bPa9tJ0OCFXidZWOp,https://lh5.googleusercontent.com/p/AF1QipMnqjNCqUIcumSG-VbR8boA9VJX45EmzPBAJecS,restaurant,Damietta,Fast food restaurant
مطعم أنيس للمشويات,"CR87+VP6, Dawar Al Khadri, Qism Damietta, Damietta First, Damietta Governorate 8041126",057 2120295,Not available,4.7,3,Damietta,https://maps.app.goo.gl/EALuxP8F8NRiaFiy8,not available,31.417063,31.814687,,,,,,,,,,,,,,,,,,,,,restaurant,Damietta,Barbecue restaurant
حلواني ومطعم الأمريكين - Al Amreken Pastry & Restaurant,"CRH3+M35, Qism Damietta, Damietta Desert, Damietta Governorate 8054020",012 10888967,Not available,3.9,185,Damietta,https://maps.app.goo.gl/JjdUkKWtF7pEYRkm6,not available,31.429187,31.802687,,https://lh5.googleusercontent.com/p/AF1QipM4C_5YpYBmxazj9FJZG7ezhDCeuUIiw9EB2IWC,https://lh5.googleusercontent.com/p/AF1QipPcH97Y5aoVWfxOPWGY9yCfCcjpkbjUH_JubBfe,,,,,,,,,,,,,,,,https://lh5.googleusercontent.com/p/AF1QipMa6sQd63cXuDAXTOpuh69NXlT-LWtPV2ZuauWy,https://lh5.googleusercontent.com/p/AF1QipOYeDvm1qQEq0boqvWWaavNvejCwCIkEszanz9a,restaurant,Damietta,Restaurant
مطعم محمد أفندي,"الجلاء، قسم دمياط،, Damietta Desert",not available,Not available,5.0,8,Damietta,https://maps.app.goo.gl/LotH3rHvnmLsN4j26,CR97+2G Damietta Desert,31.417563,31.813812,https://lh5.googleusercontent.com/p/AF1QipPmmzD5IXWWIPimtn1MBhDsgQ_lN4sUgZ5ktikw,https://lh5.googleusercontent.com/p/AF1QipMsZCK7w2_u6ljQSStnGuQSn8zNippv96ddApQ3,https://lh5.googleusercontent.com/p/AF1QipMCgeEB0US3z16owvQ5rnBAyVV2IPCcnCtJhnb8,https://lh5.googleusercontent.com/p/AF1QipPB0_w8wxX6zHTaXeyXiZgPFccj9w1s54zH64yl,https://lh5.googleusercontent.com/p/AF1QipMR3XrOC_faTJPYuB3-Yh0GuUbAGmZuuRI_xXOF,,,,,,,,,,,,,,,,restaurant,Damietta,Fast food restaurant
La Bella Restaurant,"شارع وزير , بجوار كافيه المحروسه دمياط، 34511",011 48008200,Not available,4.0,1,Damietta,https://maps.app.goo.gl/Mj2rTUDpR1joBeJJ8,CR55+RC Damietta First,31.409562,31.808563,https://lh5.googleusercontent.com/p/AF1QipOVR2TQsPfsYw003VO-4rmfGzaL15T_QQo4vbM,https://lh5.googleusercontent.com/p/AF1QipOPLk55MG2LVsKWotDZKPWR-DnGyUc3V55aXAQ,https://lh5.googleusercontent.com/p/AF1QipPiI153pcCCVv3Um3_kyVjURKrztm0sPaRP7n0,https://lh5.googleusercontent.com/p/AF1QipOWnoBEIYCP_4eMbfzKCPACVmaYdJfZvVNjkw8,,,,,,,,,https://lh5.googleusercontent.com/p/AF1QipPGta8vnoMS_FdxBaCGW94LnCj2Dy_PdAg0KYw,https://lh5.googleusercontent.com/p/AF1QipO__aXBxVsgTz3X7tVY_mFh35up3HRLxN_zuks3,,,,,,,restaurant,Damietta,Fast food restaurant
2a Caffe (شريف الزيني),"CR67+V3H، ميدان سرور, Qism Damietta, Damietta First, Damietta Governorate 8040418",010 63555566,https://www.facebook.com/ShreifElZeny/,4.2,699,Damietta,https://maps.app.goo.gl/sQ4GCuVJ1eY4s2Hy6,not available,31.412188,31.812688,https://lh5.googleusercontent.com/p/AF1QipOld1K_Id0I4qjOPJknN4a6MaBfs-p1DeZeDKlJ,https://lh5.googleusercontent.com/p/AF1QipO1sH5mwPrjU6hKtfx6g4nmPGGMiiQW72B2wu0F,https://lh5.googleusercontent.com/p/AF1QipMs9SKJKHywEEPW_6kY_amT_zJakNdGWXt6ZrbI,,,,,,,,,,,,,,,https://lh5.googleusercontent.com/p/AF1QipMu0OwF3QisV7A9GhRkdR-sRMIUHI6-Eme0clSw,,https://lh5.googleusercontent.com/p/AF1QipPN8f3-VHJXligZWmloMwtedDK0_GAzDY27Mc52,restaurant,Damietta,Izakaya restaurant
Safo Restaurant,"CMPJ+XQX, Damietta El-Gadeeda City, Kafr Saad, Damietta Governorate 8025003",010 27478570,Not available,4.0,561,Damietta,https://maps.app.goo.gl/EvTWRsTkbMby7dHj9,not available,31.437438,31.681938,https://lh5.googleusercontent.com/p/AF1QipNyHa57HNqhK69YzRZXThWB8ijZB3UJwNJupKBQ,,,https://lh5.googleusercontent.com/p/AF1QipMqa06RJnRPOJxztdwnXxdzMYY4qLjv-Ri4Uupb,,,,,,,https://lh5.googleusercontent.com/p/AF1QipOjqXAle1821hrS0y-AnMz339-B8k5QnxpKZKXV,,https://lh5.googleusercontent.com/p/AF1QipO9karY0BJWp153jYqIzrknoOXeM6DDczNwqPSx,,,,,,,,restaurant,Damietta,Falafel restaurant
مطعم مصطفى للمشويات,"CRF7+M28 أمام، ملجا, Abou El-Wafa, Qism Damietta, Dameitta Second, Damietta Governorate 8052062",010 01975909,Not available,4.4,36,Damietta,https://maps.app.goo.gl/qJoTRMA1a9XhKstu9,not available,31.424437,31.812562,https://lh5.googleusercontent.com/p/AF1QipO4Avww5H0F33iDcbaWaran3DCrUwyJFh_npgck,https://lh5.googleusercontent.com/p/AF1QipOHEBNfRZ7LzElVL6sv7QV0Nt8ZqNOvcc9H_59Z,https://lh5.googleusercontent.com/p/AF1QipM8-Pdnlhp1z0vx3lloaQ6DMJq_CEt6r0gCTH3D,https://lh5.googleusercontent.com/p/AF1QipONSoxo-UDqmmFRmlFSETj2d6ofm-xStP8zqluR,,,,,,,,,,,,,,,https://lh5.googleusercontent.com/p/AF1QipP768Ol0eH1F5hA4S4Jn-aJFOIELrCaIAwgpxFl,https://lh5.googleusercontent.com/p/AF1QipN3yjeVjrm_AGIkao9Z-oP7cOugAUrIeRsHdeKy,restaurant,Damietta,Barbecue restaurant
مطعم شيخ الكاار السوري,"CR87+R69, El-Galaa, Qism Damietta, Damietta First, Damietta Governorate 8041125",010 92967272,https://www.facebook.com/%D9%85%D8%B7%D8%B9%D9%85-%D8%B4%D9%8A%D8%AE-%D8%A7%D9%84%D9%83%D8%A7%D8%B1-890791444360679/,4.3,408,Damietta,https://maps.app.goo.gl/kCALi9ChXGuY71RQ8,not available,31.417313,31.813437,https://lh5.googleusercontent.com/p/AF1QipM7zCXwfCN0Q9AliyxgMPcRsXs132BjG23yFWXT,https://lh5.googleusercontent.com/p/AF1QipOLTLgPlSzgY0rGmCgIimhab9EFXhpmJyZpYuhM,https://lh5.googleusercontent.com/p/AF1QipPFdf7Rn46XdjnhYFUySXQTN3Rdm2vDLqGB1Iet,https://lh5.googleusercontent.com/p/AF1QipOxc6RG9k2WAxjHL7E8SFUCizlvsHgrfyoZcZoD,,,,,,,,,,,,,,https://lh5.googleusercontent.com/p/AF1QipMXU3c7z9P-JqzCWNFPNUOWh9MC3pWaYx1jVHLg,https://lh5.googleusercontent.com/p/AF1QipMryywlmdl8YeZ-e9oJsm-a4DIbT0fkfX5BuYFy,https://lh5.googleusercontent.com/p/AF1QipONlH3mcBxjH2wZxgpMociF7ifpGFj-m8uyo9G4,restaurant,Damietta,Syrian restaurant
B.Laban,"CR57+H7V, التحرير، قسم دمياط، الظهير الصحراوى لمحافظة دمياط, Qism Damietta, Damietta First, Damietta Governorate 8040303",011 24313023,Not available,3.8,60,Damietta,https://maps.app.goo.gl/sT41nFCYCZiUazLK8,not available,31.412062,31.811687,https://lh5.googleusercontent.com/p/AF1QipN1ajnQvV5_y0pS2zLqg7SmXuI8KaEMQFwHb8Ia,https://lh5.googleusercontent.com/p/AF1QipNnROmWUsIz4u-3HG9RhcM5S7i2-90OF4p01QKk,https://lh5.googleusercontent.com/p/AF1QipNjL0rtp6uyO2XPgGOKwSdtlujrj5bZ-8zV_ZdP,,,https://lh5.googleusercontent.com/p/AF1QipOylkS3tTV5j4IWfDATAja16ANKFWvu_ucRyD97,https://lh5.googleusercontent.com/p/AF1QipPB5uWdzGHzOy7afhkOil8ZJrg8_nPKV-2TmkAl,https://lh5.googleusercontent.com/p/AF1QipOV3q7TVB4ThxJPJaseQsDrPY2VJrDdZzM9lsgJ,,,,,,,,,,,,,restaurant,Damietta,Dessert restaurant
Ezz Syrian Restaurant,"مسعد الصعيدى, Damietta El-Gadeeda City, New Damietta, Damietta Governorate 8025202",011 00155646,http://www.facebook.com/alez@alsory,3.9,499,Damietta,https://maps.app.goo.gl/E4MvYBvMcYuJRGFa7,CMRM+X6 New Damietta,31.442437,31.683062,https://lh5.googleusercontent.com/p/AF1QipOcb2FAOWu5-IJDekxwLjuUp2k1pKYepQzfTHaf,https://lh5.googleusercontent.com/p/AF1QipODJDWqnssBpIZ9YLcw2kQm1IQoTkYjmRwTvOdS,https://lh5.googleusercontent.com/p/AF1QipMkUs9pz0Peu2kK_MjDAUZ_wtbhgEobPKdxFaCD,https://lh5.googleusercontent.com/p/AF1QipMrWMLz4BRC7VcTwy9A1_AMpRCCQ14ppHn5wf0j,,,,,,,,,,,,,,,https://lh5.googleusercontent.com/p/AF1QipMZJTl0_64wxs9OisP2ZivgPdvoKrUZy4Vm1qiJ,https://lh5.googleusercontent.com/p/AF1QipN_h1FLrPSyHQdMzLZUYNVxlSFDqYvoOcL5yrKL,restaurant,Damietta,Syrian restaurant
Sandy wich,"CR56+J8X، المستشار نافع، قسم دمياط، الظهير الصحراوى لمحافظة دمياط،, Damietta First, Damietta Governorate",not available,Not available,,,Damietta,https://maps.app.goo.gl/EELiS3eqWDFtrAv39,not available,30.235062,31.490063,,,,,,,,,,,,,,,,,,,,,restaurant,Damietta,Fast food restaurant
Cheesy,"CMJP+G4G, Damietta El-Gadeeda City, New Damietta, Damietta Governorate 8023203",010 10861636,Not available,,,Damietta,https://maps.app.goo.gl/5GMsLAuCyzWGtqZS7,not available,31.431312,31.685313,,,,,,,,,,,,,,,,,,,,,restaurant,Damietta,Fast food restaurant
كشري وحلوانى وسندوتشات الإمبراطور,"Damietta Road, Kafr Al Batikh، Street, Al Shaawara District",010 01648749,Not available,3.1,15,Damietta,https://maps.app.goo.gl/FPY7DhbnDfb211TK9,CQCW+RJ Damietta,31.422063,31.796563,,https://lh5.googleusercontent.com/p/AF1QipNf_XLqkIWfQd1IMe2ji5sH87dMpAA0DRTR5H1b,,,https://lh5.googleusercontent.com/p/AF1QipNxEKfLlFHXqBxNlFZgZvVt5OQ4RAguYxuUjwZ0,,,,,,,,,,,,,,,,restaurant,Damietta,Koshari restaurant
Paprika coffee & Restaurant,"مدرسة الإيمان, دمياط ميدان سرور, Khalf Al Matahen, Damietta First, Damietta Governorate",010 07888758,Not available,4.2,9,Damietta,https://maps.app.goo.gl/8T3zTRQEXccyuZSx5,CR56+JJ Damietta First,31.409062,31.811563,https://lh5.googleusercontent.com/p/AF1QipMDNm9mgg37SbXN3ubItwRSZ7mDE5vKQgDF2Swf,https://lh5.googleusercontent.com/p/AF1QipM9pN_jvHn-ccK52Vr8uZOlXN_Tidn3afi6QjVI,https://lh5.googleusercontent.com/p/AF1QipMxnc0vHHR7w3v5X6dFNC4iIMUDo4HErLBiGvHw,,,,,,,,,,,,,https://lh5.googleusercontent.com/p/AF1QipNxyoeN6JNy0w4t0kQe3CUP-Bk7Nnbdrw8QLWHI,,,https://lh5.googleusercontent.com/p/AF1QipP4OH66tHoVfHGBwvjt2h_ugI5YTwa83WWfg-Nx,,restaurant,Damietta,Izakaya restaurant
Restaurant And Cafe Lotta,"9RHF+C5C, Al Ananeyah, Damietta Desert, Damietta Governorate 7992653",010 01467267,Not available,4.0,38,Damietta,https://maps.app.goo.gl/7xK6zUrRNuZkwwNX7,not available,31.378563,31.822938,https://lh5.googleusercontent.com/p/AF1QipNS4JIvHZ8CoifK8cB0gAVziy5mnivoDTUH1raI,https://lh5.googleusercontent.com/p/AF1QipOwnnxI_WYotlE1kwpBHGHc0OnMxFbYTwV2hc6P,https://lh5.googleusercontent.com/p/AF1QipMrWmzF3YBccUMLha5LLrn6Ylnw0B4UoSCqNIiU,https://lh5.googleusercontent.com/p/AF1QipPC8T7fmK0chPtFNqpoWSR7bFvZXtkPYxa1tZx_,https://lh5.googleusercontent.com/p/AF1QipNqOb3y23nsY38FRkRrg2qwaauyTSIB-xXdZsC8,https://lh5.googleusercontent.com/p/AF1QipN-QzBP0Km56uywvfOrhxarj6bgalDjLmOmGPKM,https://lh5.googleusercontent.com/p/AF1QipNrUp3A-INzSMWiX881ST4uUdgDlnuzgBw0l6QB,,,,,,,,,,,,,,restaurant,Damietta,Izakaya restaurant
Nero Restaurant&Cafe,"CR67+M5R, Hasan Bakry, Qism Damietta, Damietta, Damietta Governorate 8040406",010 90200217,Not available,4.2,113,Damietta,https://maps.app.goo.gl/RTR29sVAHSoeRhaB9,not available,31.411687,31.812937,https://lh5.googleusercontent.com/p/AF1QipMaQTKMtCY-rkiDjPfXqRhlzJ9qxxqWGKacgjwn,https://lh5.googleusercontent.com/p/AF1QipPM8zBADpwQPYEfiOVfT-mRz4P-qONUNrmVVmuj,https://lh5.googleusercontent.com/p/AF1QipOaMsvdJ5s3maN7OagjZUGXlQ-RH_1dWiCubVQR,,,,,,,,,,,,,,,https://lh5.googleusercontent.com/p/AF1QipOHcn38vBXqpA1lnx3n03VBp7RP3vo9G0oj8bN8,https://lh5.googleusercontent.com/p/AF1QipPEocMrSA4SPzIl7Hx8OpEif2s1d5EgmpnPvxAg,https://lh5.googleusercontent.com/p/AF1QipPqdsgRxGUJKV66RWXLIosJ7tWN3mRZZBECVJWK,restaurant,Damietta,Izakaya restaurant
ALMIRA - ألميرا,"المركزية، بجوار بنك الفيصل، قسم, Damietta El-Gadeeda City, New Damietta, Damietta Governorate",010 62660473,Not available,4.2,306,Damietta,https://maps.app.goo.gl/KXabDYegQYGqQYyR7,CMQG+R7 New Damietta,31.439563,31.675688,https://lh5.googleusercontent.com/p/AF1QipOxifX-pVEP5NowafmUjuYav77R8Y0QWn1cPxyq,https://lh5.googleusercontent.com/p/AF1QipNtoT3Sf-TxPr1pOoXSKtoMiCnYj_SRNKQ0R8RD,https://lh5.googleusercontent.com/p/AF1QipPQnlwN2OTsWbOkuj-SjzYR8KnjO40k0IFq50cj,https://lh5.googleusercontent.com/p/AF1QipMJXJHqvdiqTYzik52QO4Jz1W5BLWmoRvu_Qqh3,,,,,,,,,,,,,https://lh5.googleusercontent.com/p/AF1QipPDUi4fW6RfULx5gnZr-gNWhiC3Mz_c9hMCxptO,https://lh5.googleusercontent.com/p/AF1QipPsQb0t5_zQYC2DKCNaSuuoxPCHP1eecsoN8d0p,https://lh5.googleusercontent.com/p/AF1QipPg861gY0E8o1zUlsO9m8Fxg3oPBrN7Amxr9g_i,https://lh5.googleusercontent.com/p/AF1QipMTIxMICupFfqD56PMvNL7UlJBV60P02DN1GUhv,restaurant,Damietta,Turkish restaurant
يومياتي انا وبناتي,"Salah El-Deen, Qism Damietta, Dameitta Second, Damietta Governorate 8052215",not available,Not available,,,Damietta,https://maps.app.goo.gl/XUG9Kq92DMWeRNJb9,CRC8+7H Dameitta Second,31.420687,31.816437,,,,,,,,,,,,,,,,,,,,,restaurant,Damietta,Tex-Mex restaurant
Zad Resturant,"Damietta El-Gadeeda City, Kafr Saad, Damietta Governorate 8025254",010 00490789,Not available,4.1,101,Damietta,https://maps.app.goo.gl/yenjqg65jNwWnrhe9,CMXJ+6R Kafr Saad,31.448062,31.682063,https://lh5.googleusercontent.com/p/AF1QipPmeIyrbkKzNPjpwczZXWV8tUbrDgZrwlS0vXJL,https://lh5.googleusercontent.com/p/AF1QipMLnz9WMENX8hXJf3B3mWofz30n4Syd2AtrG-jU,https://lh5.googleusercontent.com/p/AF1QipNgSvc184QgFRRb692q_ELLI9YTe-LQN8kb7Ffr,,,,,,,,,,,,,,,https://lh5.googleusercontent.com/p/AF1QipMLpMX0txM1wdpXthlAOFHpvpum2txE_PxKO-Xt,https://lh5.googleusercontent.com/p/AF1QipMzojKKr4k-L4cSVcm71HYZ8IH2EZkKDLcPkzrn,https://lh5.googleusercontent.com/p/AF1QipNyyRuJCYKp18q9S6_Pw6agmf85VZK2-KQBRg3U,restaurant,Damietta,Lunch restaurant
Xtreme Cafe,"بجوار المريلاند, الاعصر, كورنيش النيل، Damietta Governorate 34511",057 2356665,https://www.facebook.com/xtreme.cafe.damietta/,4.2,67,Damietta,https://maps.app.goo.gl/TNHrCFCiEn5pz5bb7,CRQ2+C3 Dameitta Second,31.438562,31.800187,https://lh5.googleusercontent.com/p/AF1QipOEsdE6YucUf65tETXWqtBjTbswx5YW-JWL4mSe,,,https://lh5.googleusercontent.com/p/AF1QipPfl1uXejMgr7tpW6Qj7Ta_v0hs38KDK0_poIzn,,,,,,,,,,,,,,,https://lh5.googleusercontent.com/p/AF1QipNOvlKwWcjRN1QVDZ5Gi8X8uR83ih1VU4zdMXrH,https://lh5.googleusercontent.com/p/AF1QipOfL9RazjiQ2PcfGq3sLDuNzf9wlSRgrL6la8_I,restaurant,Damietta,Cafe
Mona kitchen,"Mehwar street, Qism Damietta, Damietta First, Damietta Governorate 8041126",010 10680632,Not available,,,Damietta,https://maps.app.goo.gl/BSMt1vkfeRd6Kz3N9,CR97+2Q Damietta First,31.417563,31.814437,,,,,,,,,,,,,,,,,,,,,restaurant,Damietta,Fish & chips restaurant
سيتي كريب City Crepe,"CR67+C53, Hasan Bakry, Qism Damietta, Damietta First, Damietta Governorate 8040404",010 97780920,Not available,4.2,59,Damietta,https://maps.app.goo.gl/y94WNzQzSzse8Sit9,not available,31.411563,31.812937,https://lh5.googleusercontent.com/p/AF1QipOqrpDwVE4DRd4kbt4khqRcT_ilWYZVNFL5PRk8,https://lh5.googleusercontent.com/p/AF1QipMMT5pwV0Ac8oS8G_SZN58xCLCi6KgHeECc0VeS,https://lh5.googleusercontent.com/p/AF1QipOg4-fs9VdAIGfcJupqIQOI4iOg7YNFGyblOA-k,,,,,,,,,,,,,,https://lh5.googleusercontent.com/p/AF1QipNMx_RgnhCP7nLnzApfo3zmbDACsJk8AHhM8QDe,,,,restaurant,Damietta,Creperie
ابو العلا,"CR96+9WV، سوق الخضار، قسم دمياط، الظهير الصحراوى لمحافظة دمياط،, Damietta First, Damietta Governorate",not available,Not available,4.8,4,Damietta,https://maps.app.goo.gl/r7ytyoww2PUtZAvg9,not available,31.418438,31.812312,,,,,,,,,,,,,,,,,,,,,restaurant,Damietta,Restaurant
مطعم الدنون,"CR97+2Q8، حلواني النورس، دمياط قديمة أرض أبو هندية شارع المحور قسم ثاني بجوار، قسم دمياط، دمياط،, Damietta First",010 07287111,Not available,4.7,3,Damietta,https://maps.app.goo.gl/JbNaBJ4ukVYu95rBA,not available,31.418062,31.817687,https://lh5.googleusercontent.com/p/AF1QipNqqqV-JU0vb5T9vfSaLj7SpRVOAH_r3PO__Ptv,https://lh5.googleusercontent.com/p/AF1QipMO0ZfwvOoEVlYj8cXgwRExH69uVs7nraiRq1c_,,,,,,,,,,,,,,,,,,,restaurant,Damietta,Falafel restaurant
مطعم ع الشارع تك اوي,"شارع المعهد الدبني, Damietta Governorate",010 12392569,Not available,4.6,21,Damietta,https://maps.app.goo.gl/hG9sXJntDmdKmQmQ6,CRG3+PP Dameitta Second,31.426812,31.804313,https://lh5.googleusercontent.com/p/AF1QipNVhFA_Bcktr8ssLSwnuWVcOTSSHTq8L32SJu-r,https://lh5.googleusercontent.com/p/AF1QipOPMTR4Gfcaj-m9lHrhO_8y2aF8JLFB_pgPj82k,https://lh5.googleusercontent.com/p/AF1QipMk4g7Q7EVmVjGI-6FcU6bWhBaGnMIdibrzHRzy,https://lh5.googleusercontent.com/p/AF1QipMjGaen0a82KU7ZVktQ-ilFDhuLSQUqQQdx6mg,,,,,,,,,,,,https://lh5.googleusercontent.com/p/AF1QipMI_W9u1qzGZRoQ3JhPdSndGDhG29POibBXWjwH,,,https://lh5.googleusercontent.com/p/AF1QipMdSjSJTFRV6xoV_LqqavdOVzIZItz3rFp2upw6,https://lh5.googleusercontent.com/p/AF1QipOWkGubr8kyhueUcHdf_rTpSEUad1x4MadDT8Kd,restaurant,Damietta,Fast food restaurant
مزاج,"CR67+XF7, ميدان سرور،, Qism Damietta, Damietta First, Damietta Governorate 8040421",010 22082267,Not available,,,Damietta,https://maps.app.goo.gl/puqP7GLo7EKPr8tx8,not available,31.412438,31.813688,,,,,,,,,,,,,,,,,,,,,restaurant,Damietta,Fast food restaurant
مطعم روما,"CMV8+XFJ، مدينه, New Damietta, Damietta Governorate",010 15764415,https://www.facebook.com/Romaitaliantaste/,4.3,47,Damietta,https://maps.app.goo.gl/uq21BXR4AawrneXB7,not available,31.444938,31.666187,https://lh5.googleusercontent.com/p/AF1QipOsgpUtcBuxLCJlEwRh4zdddzV5ofPwvJw4ov5g,https://lh5.googleusercontent.com/p/AF1QipOUbhCcKHyDIReWmwDzHH8pB1s3oaeO1i7IKRls,https://lh5.googleusercontent.com/p/AF1QipObNZjCn8203Hhg2M9Rk_bLYRAwZVrNpkfbRSVU,https://lh5.googleusercontent.com/p/AF1QipMDHJtcfWYvw8V2zudvxSpFrSBo8_REerBepkR5,,,,,,,,,,,,,,,https://lh5.googleusercontent.com/p/AF1QipOm0s3sFdTaBWYusoAIi8aI1JGf95Hjzr2ueoR6,https://lh5.googleusercontent.com/p/AF1QipPXmS5rwb2xBStoh2Eq8q-LZxLioEMrjVVKCHsF,restaurant,Damietta,Italian restaurant
مطعم الفنارة,"Nafeh، رقم 1، Division",010 03481854,Not available,4.2,37,Damietta,https://maps.app.goo.gl/xUWhGCLQXR1WmCaE8,CR65+5J Damietta First,31.410438,31.809063,https://lh5.googleusercontent.com/p/AF1QipOqm32P2ImBpiDT35SZfTo3RR92MOka1oOCILYF,,,,,,,,,,,,,,,,https://lh5.googleusercontent.com/p/AF1QipP2ux-jWmwH5fyFkEZXj6tElq4XUfcKVCspqMN_,https://lh5.googleusercontent.com/p/AF1QipN02QjIf_ejJZ3lqX9KCP0-WSqWNS_Yd3uOiUSY,https://lh5.googleusercontent.com/p/AF1QipNNpZ19MMAlvlEU9qPOA5O8gij_9A-BLW48Y3P3,,restaurant,Damietta,Seafood restaurant
Abo Goda,"CQFV+GQV, Talkha - Damietta Rd, Qism Damietta, Dameitta Second, Damietta Governorate 8051021",010 90791186,Not available,3.8,53,Damietta,https://maps.app.goo.gl/iYratEopZGJAfJuG6,not available,31.225000,31.575000,https://lh5.googleusercontent.com/p/AF1QipPaivpJvvi6JVIAMpZ8swutijqJNi5MIGWO2MCl,https://lh5.googleusercontent.com/p/AF1QipP-pV3r8RNqIwi62IZZjP53nbej-NBo-Siedw1I,https://lh5.googleusercontent.com/p/AF1QipPK4UpVD77FSgjjINbqdKSZNaMTblgNyAntoHkY,,,https://lh5.googleusercontent.com/p/AF1QipMWVaxU-eaEnZBC_QB4A7vtINZ_FTJjqkwXtRsM,https://lh5.googleusercontent.com/p/AF1QipMr0pjoAP0LqSIDhus_FQD6UcFDiJzXzvitXV2P,https://lh5.googleusercontent.com/p/AF1QipN13yrEWVA019y_y49W0aS6_DdNH653ZBW83ntE,https://lh5.googleusercontent.com/p/AF1QipPZDG6BngFWAlU08Q-TT7ahVBx0LmKP34Nw28Pg,,,,,,,,,,,,restaurant,Damietta,Restaurant
Ali Crepe,"CR67+V2F, Mohammed Amin Abou Youssef, Qism Damietta, Damietta First, Damietta Governorate 8040417",010 20819504,Not available,3.6,84,Damietta,https://maps.app.goo.gl/mFEi13w4K5V6tEVb9,not available,31.412188,31.812937,https://lh5.googleusercontent.com/p/AF1QipOYWau5YkOUKQNIpjzyGCFq148b94xBYKMl7RwF,,,,,,,,,,,,,,,,,,,,restaurant,Damietta,Creperie
مطعم كابيتانو,"CRG5+WMJ, Qism Damietta, Dameitta Second, Damietta Governorate 8055003",012 83395773,https://www.facebook.com/capitano.takeaway/,5.0,1,Damietta,https://maps.app.goo.gl/QYXYqWsgmbG9zEMDA,not available,31.427312,31.809188,https://lh5.googleusercontent.com/p/AF1QipOPF10m5iwC_ye4AqvINANcJVcHL9sYo5qSf6Vr=w410-h240-k-no,,,,,,,,,,,,,,,,,,,,restaurant,Damietta,Fast food restaurant
مطعم الكيكي,"CR97+2Q8 حي رابع, Qism Damietta, Damietta First, Damietta Governorate 8041126",not available,Not available,,,Damietta,https://maps.app.goo.gl/S8YButunSy6bGDkJ9,not available,31.417563,31.814437,,,,,,,,,,,,,,,,,,,,,restaurant,Damietta,Breakfast restaurant
Al Prince Barbecue Restaurant,"دمياط، قسم دمياط،, Qism Damietta, Dameitta Second, Damietta Governorate",010 66888596,Not available,3.6,18,Damietta,https://maps.app.goo.gl/YUzxmfe8vjR3jKJh8,CRJ6+GC Dameitta Second,31.431312,31.811062,https://lh5.googleusercontent.com/p/AF1QipPSbLWjNg21BuasJ7ZVKL4_bhZyY4g4eCpBQXu0,https://lh5.googleusercontent.com/p/AF1QipNE-8rGlSGQvIRX-HPiK2gk0E1L3C8eCkGXKeWs,https://lh5.googleusercontent.com/p/AF1QipOhcpSS5HnnrYVJJceSE0qIgpeO2PEqeYA-UxKX,,,,,,,,,https://lh5.googleusercontent.com/p/AF1QipPqovBW2a_YMOVamGSqwOMhmF6v7NPEwye9VlTw,https://lh5.googleusercontent.com/p/AF1QipNLJ0suN3XSg3iJbT-LQtb9e4DelRCZT8SOzzaO,https://lh5.googleusercontent.com/p/AF1QipN1D-zuRmpvxG-fKJPR58PtABArAv0Z9ce5AqMx,,,,,,,restaurant,Damietta,Barbecue restaurant
Al Gamal Pastry Factory,"CRH4+957, Unnamed Road, Qism Damietta, Damietta Desert, Damietta Governorate",010 20790000,Not available,4.4,109,Damietta,https://maps.app.goo.gl/HtFh7FfUvW4Jc8Na7,not available,31.428438,31.805438,https://lh5.googleusercontent.com/p/AF1QipPDYM5o7laXN-7Rh3q--KM9VNw4B-Hak7hD4svv,https://lh5.googleusercontent.com/p/AF1QipPxuMbN4HgTK6TTZOFMICVu5xDQT6JVOzkI3w0K,https://lh5.googleusercontent.com/p/AF1QipPxXLeV-l8kQALVJOmjlTYjhYmbFSEOzUev4fMW,,,,,,,,,,,,,https://lh5.googleusercontent.com/p/AF1QipPjuuN5S2g_vjjkJpXmkny8PC0lT-xXyvK8Yn4a,https://lh5.googleusercontent.com/p/AF1QipNyFBQF06iu0Mwq0VN1cDbzWkNSnGEf9dHFmEZY,https://lh5.googleusercontent.com/p/AF1QipPGWIv6o4EhVGdtRRyOd75KFXb6N5SFP7RuUEBT,https://lh5.googleusercontent.com/p/AF1QipOc7KrKBVak1-fjj2eS7uvLXRhENJDFyToxFbyX,https://lh5.googleusercontent.com/p/AF1QipNX5VP3SQE-S03dyGf2b0fjtXhqCB9d1mLZIBrv,restaurant,Damietta,Restaurant
مطعم حسن الغلبان الغير قابل للاستخدام الادمي,"CRM5+3W2، عزبة البرج، قسم دمياط، الظهير الصحراوى لمحافظة دمياط، دمياط،, Dameitta Second",not available,Not available,1.7,6,Damietta,https://maps.app.goo.gl/JSjy7P73VzH8wv3w9,not available,30.221187,31.482563,,,,,,,,,,,,,,,,,,,,,restaurant,Damietta,Fast food restaurant
مطعم مشويات ابو صيام,"CRF7+C3H, Abou El-Wafa, Qism Damietta, Damietta Desert, Damietta Governorate 8052053",010 60877029,Not available,4.1,284,Damietta,https://maps.app.goo.gl/xt3tnxHTsc6xLkdT9,not available,31.423437,31.812812,https://lh5.googleusercontent.com/p/AF1QipMbSG_EhXp9WeZhmcuDGebHo0fAjGPOqGCyTuy4,https://lh5.googleusercontent.com/p/AF1QipMLjwWieG23l7DqJfouhy0OpEA5LCiHI9Vu2q1o,https://lh5.googleusercontent.com/p/AF1QipOU0HX6dnpnn7Bn5rQXxXTFs5JuDcAXl2eQKhA5,,,,,,,,,,,,,,https://lh5.googleusercontent.com/p/AF1QipMjdFsSXaz2-gJpa1MHOi3Tazxm_-erSjdDXKxN,https://lh5.googleusercontent.com/p/AF1QipNvUbrvjjQucAigWDvcRR1G0d7WCdCi72KnA_zK,https://lh5.googleusercontent.com/p/AF1QipOfq7HwzHp3q001SrHftAABJ2HMgVQcQJSkg_za,,restaurant,Damietta,Barbecue restaurant
حلواني سيد سيد بلبول,"CQCW+82J, Qism Damietta, Damietta Desert, Damietta Governorate 8051005",not available,Not available,,,Damietta,https://maps.app.goo.gl/oRFonPxP5igSFHto8,not available,31.420813,31.795063,,,,,,,,,,,,,,,,,,,,,restaurant,Damietta,Pizza restaurant
مطعم اولاد رزق للماكولات البحريه,"CRP3+QFG، دمياط، قسم دمياط، الظهير الصحراوى لمحافظة دمياط،, Dameitta Second, Damietta Governorate",010 20474352,Not available,4.7,6,Damietta,https://maps.app.goo.gl/ky8aE3c6Quz65zyh6,not available,31.436937,31.803688,https://lh5.googleusercontent.com/p/AF1QipNlJK8OUcxsaGqdmtcM_bRmI5ErbvXeV-hO0Snx,https://lh5.googleusercontent.com/p/AF1QipN6KB7kfKGoEkbuCx40Frg4ArV4-myG3Buqy_SH,https://lh5.googleusercontent.com/p/AF1QipOFXvckF0SqeMo__ZIYzTWrHfKNCmd-hUbHvsJj,https://lh5.googleusercontent.com/p/AF1QipPoM9LaOid6xLY9kxW588rryfj8qKoDKDFU6XTx,,,,,,,,https://lh5.googleusercontent.com/p/AF1QipPTzTLhIYt1Vvd2MIhttaTvpihCtASbN6Bsrsxx,https://lh5.googleusercontent.com/p/AF1QipPhohL1CMUiC3PU9pEeeHfokPN5ztHmwsTE0_PW,,,,,,,,restaurant,Damietta,Seafood restaurant
مطعم الامبراطور,"CQCW+VJ5، السنانية، قسم دمياط،، دمياط،, Dameitta Second",011 42012119,restaurantguru.com,3.9,16,Damietta,https://maps.app.goo.gl/hgRdkPJTus8YBeo17,not available,31.422187,31.796563,,,,,,,,,,,,,,,,,,,,,restaurant,Damietta,Restaurant
Baksawi Restaurant,"CRC7+856، النقراشي, Qism Damietta, Damietta First, Damietta Governorate 8042032",not available,Not available,3.7,102,Damietta,https://maps.app.goo.gl/3EutBC89VDV5sMwt7,not available,31.420187,31.812812,https://lh5.googleusercontent.com/p/AF1QipMSKPJG1S6gPWAK5dNFOdF1jjCzjOpUm6fVn5fP,https://lh5.googleusercontent.com/p/AF1QipPa-ZFR_s-1tgLXfybxpnotTCuIkjxFUDNa4OQM,,,,,,,,,https://lh5.googleusercontent.com/p/AF1QipMOKNUWKZlxg1i5KGBJqYt5msyGpppQN4bqAdgS,https://lh5.googleusercontent.com/p/AF1QipObfZd4_fjg_wuce2lsZweIwOgHQmADsAzuMWV1,,,,,,,,,restaurant,Damietta,Falafel restaurant
مطعم وكافيه الدوار دمياط الجديدة,"CMR9+V9H, Damietta El-Gadeeda City, Kafr Saad, Damietta Governorate 8024750",010 90852011,Not available,4.1,132,Damietta,https://maps.app.goo.gl/9uL4oji9mFrQFViZA,not available,31.442188,31.668438,https://lh5.googleusercontent.com/p/AF1QipMYJzn9w65Y34igSgtrll9MGqte9F_Ena2Vv3l1,https://lh5.googleusercontent.com/p/AF1QipM-aWWkRuaDi8R7eCqIK_vgJTE6LWAHCXCTiQoX,https://lh5.googleusercontent.com/p/AF1QipMsrSFtwo6t-QWpDizAJH2QhVH-uFvumlFFLv2U,https://lh5.googleusercontent.com/p/AF1QipMgdWk5JhMJXh9-r2vyeBXv6evnLVrmTULS_et8,,,,,,,,,,,,,,https://lh5.googleusercontent.com/p/AF1QipNZXsssVPxlOkdLcgye5MwHLSNvFGmdLWkxpsP-,https://lh5.googleusercontent.com/p/AF1QipO47HMzRAJg587WZEJO5gmUbhWUwrRYDki1d2__,https://lh5.googleusercontent.com/p/AF1QipNoRkQ2z7RkY0yMveQTnxe1sSND4IYN_suN_JEt,restaurant,Damietta,Izakaya restaurant
Calamari restaurant seafood,"لؤي سعيد, Qism Damietta, Damietta First, Damietta Governorate 8040301",010 05012358,Not available,5.0,1,Damietta,https://maps.app.goo.gl/PJmEq2KiPajspf5G7,CR57+34 Damietta First,31.407688,31.812812,https://lh5.googleusercontent.com/p/AF1QipMqZN_WYb0R_ITVj6jXnrPHMIC5HfBZLVcsGbpM,https://lh5.googleusercontent.com/p/AF1QipPkYh0vLoC37wTRwquctL7sdR0Z1iUEORZ7u-1W,,,,,,,,,,,,,,,,,,,restaurant,Damietta,Seafood restaurant
مطعم Chicken +,"CR67+GP5, Qism Damietta, Damietta First, Damietta Governorate 8040420",010 15517718,Not available,4.3,14,Damietta,https://maps.app.goo.gl/4QQkDEBweYtPVDgd6,not available,31.411313,31.814312,https://lh5.googleusercontent.com/p/AF1QipPZZB-gBo1C9_laQMWg534hRUWfI_C_npukGxfD,https://lh5.googleusercontent.com/p/AF1QipMo0HAlipbIVqDBa7htMJDWlJpai0NJtKGju0wj,https://lh5.googleusercontent.com/p/AF1QipPtHqu9ay4FsHN2oSQyezP_wVFEFkLpYOKOQcjF,https://lh5.googleusercontent.com/p/AF1QipNBFeS7an25i2kpzoiZk2dsuNl38gFmEdHqjM_O,https://lh5.googleusercontent.com/p/AF1QipNv0lt9H9AmaaCoaYFkAw9kfJb0CxIs6c_q0tI4,,,,,,,,,,,,,,,,restaurant,Damietta,Chicken restaurant
عيسي للمأكولات البحرية,"CRG9+GQ6، Unnamed Road, قسم دمياط، الظهير الصحراوى لمحافظة دمياط،, Dameitta Second, Damietta Governorate",not available,Not available,3.9,43,Damietta,https://maps.app.goo.gl/PurDRyDoBjppTGhp8,not available,31.426313,31.819437,https://lh5.googleusercontent.com/p/AF1QipM_5jCFpEYQX2gO4VWdBi-No9_ruxrJkA8Nx-q9,https://lh5.googleusercontent.com/p/AF1QipOtjyXfgUswEjiHvEL8Ok05kysxLDxb566mqJuj,https://lh5.googleusercontent.com/p/AF1QipMQH0aNx4nnfSlF8gfbaXs87fbudnJks4-TVPVH,,,,,,,https://lh5.googleusercontent.com/p/AF1QipNQAEBf4W9Fwq7ACdALzcTezD4Kwa5WIbh8oT0h,https://lh5.googleusercontent.com/p/AF1QipPlUCRwE1t9XHc2hv8Gje9n6XuoQJZL5RtvmLyA,https://lh5.googleusercontent.com/p/AF1QipN6u9wyYsFPZBiGXnNARw9Y-4zdx4t_Dl5rezmt,,,,,,,,,restaurant,Damietta,Seafood restaurant
مطعم شاورمجي للمأكولات اللبنانيه,"الشارع Al- harby, Shatt Izbat Al Lahm, Dameitta Second, Damietta Governorate 8054505",not available,Not available,2.6,5,Damietta,https://maps.app.goo.gl/3LqFMn1bd7tZ6HXZ8,CRQ3+6V Dameitta Second,31.438063,31.804688,https://lh5.googleusercontent.com/p/AF1QipOTaFngRPWZ8VfucJvHJ6DTYZlocHnDi_bXo-A4,https://lh5.googleusercontent.com/p/AF1QipOEIYFBVDlB9YAi4gEBie3QT9ktu6Sa5YbAOk_s,https://lh5.googleusercontent.com/p/AF1QipOXFp0oSnSxk_qDPw4lqjI5lcz6kfM9Je0vZ3Ww,,,,,,,,,,,,,,,,,,restaurant,Damietta,Shawarma restaurant
مطعم آل راشد للمأكولات البحرية,"Qism Damietta, Damietta First, Damietta Governorate 34556",not available,Not available,,,Damietta,https://maps.app.goo.gl/gXmivxSieB1MhDDD7,CR97+2Q Damietta First,31.417563,31.814437,,,,,,,,,,,,,,,,,,,,,restaurant,Damietta,Seafood restaurant
Momo see food,"بجوار صرافه الاهلي, El-Galaa, Qism Damietta, Damietta First, Damietta Governorate 8041157",010 66555295,Not available,5.0,1,Damietta,https://maps.app.goo.gl/1UZbTYCiEy4iZeqj9,CR99+6J Damietta First,31.418062,31.819063,https://lh5.googleusercontent.com/p/AF1QipO6tpIgONNn39QLC4GCJsHYSsUvXsujh6_Zkok5,https://lh5.googleusercontent.com/p/AF1QipNcxfDp6yEYsfkt72D9VOmgjNFvyyG1yEJYHpVZ,https://lh5.googleusercontent.com/p/AF1QipOuQHjr1ak1mvfhpNXthamTYAilUfs-I08CKY-3,,,,,,,,,,,,,,,https://lh5.googleusercontent.com/p/AF1QipOs7fpq3TkRtMJizjBqgF319RqcKEe-ITZwVk8Q,https://lh5.googleusercontent.com/p/AF1QipNOBs7y2x85AcPKJjgTxpuT-eGT89a7EM6fX4T2,https://lh5.googleusercontent.com/p/AF1QipMSkzyPLzzinjnHAylCzQQZ1D9Ooq5DFgwekH10,restaurant,Damietta,Fish & chips restaurant
طباخ الريس,"CR67+QPC، دمياط، قسم دمياط، الظهير الصحراوى لمحافظة دمياط،, Damietta First, Damietta Governorate 8040421",010 28748556,Not available,4.2,5,Damietta,https://maps.app.goo.gl/SoFV3PNRpQ8LPAMYA,not available,31.411938,31.814312,https://lh5.googleusercontent.com/p/AF1QipNeyQ0widnRZ5bMEV16fldWXmcdGCG-J6AEHJ7Q,https://lh5.googleusercontent.com/p/AF1QipOrXFvV7sBqOmO9KZzwVc4V2hdgZKZHvKhq0JtA,https://lh5.googleusercontent.com/p/AF1QipMyN-vLccLtFuW3NVzDVAFK19YJWUDNnioX62XQ,https://lh5.googleusercontent.com/p/AF1QipMifj1498rA35hMc2verKgh-0V7UpG7t9iOdQAz,https://lh5.googleusercontent.com/p/AF1QipP8CsIu3DfHiEk-N5Ey5EyKAmjAHzGZH-1ZEAKv,,https://lh5.googleusercontent.com/p/AF1QipOsYX_hh7vS-EI3J-4YmdRRZPP0kLk7WhFRuwmJ,https://lh5.googleusercontent.com/p/AF1QipOnEJyu9SoLjn176NxHKOC9r4qSkIT_0Dd8Jdda,https://lh5.googleusercontent.com/p/AF1QipMYeoGCt83g8r_5onGbqKPAWD2uXeWWgn8y5LzG,,,,,,,,,,,,restaurant,Damietta,Fast food restaurant
Ahmed Eid Restaurant,"الشارع الحربي, Shatt Izbat Al Lahm, Dameitta Second, Damietta Governorate 34734",not available,Not available,3.8,141,Damietta,https://maps.app.goo.gl/e8bbuDLaBdhGDmuZ8,"CRQ5+55 Shatt Izbat Al Lahm, Damietta",31.437937,31.807938,https://lh5.googleusercontent.com/p/AF1QipNBc_1gOzUmgLhgIfeAB4U4WJJR1zEYxLlxM7SX,https://lh5.googleusercontent.com/p/AF1QipPW0S13P-cHANLsM4l8ysy67SBaTnFkJBaDwYke,https://lh5.googleusercontent.com/p/AF1QipPMMzHlxsMm9Eh3ooIwJHfuasWr9DPlTQ-LzmWj,https://lh5.googleusercontent.com/p/AF1QipNZHr3v4OxQdwr8D865PVTBdkqoRbKLCpAo5SW4,https://lh5.googleusercontent.com/p/AF1QipNgELhdRznmRxFVWj_hcbUbizorwz-Siz1NCanZ,,,,,,,,,,,,,https://lh5.googleusercontent.com/p/AF1QipPaB01YiENX4p9zmQx3HQTVunVfMN8Le_Kog9yd,,https://lh5.googleusercontent.com/p/AF1QipPPeU4SDfeQnfWpUQiin2nLhpp8d5pfmRJuZ6k_,restaurant,Damietta,Falafel restaurant
الشيف محمد زقزوق,"الشهابيه بجوار حلواني ابو عمار, Damietta, Damietta Governorate 7991164",010 08404822,Not available,,,Damietta,https://maps.app.goo.gl/jtjiNv9UtYpVRHBk7,9QXP+54 Damietta,31.397937,31.785312,,,,,,,,,,,,,,,,,,,,,restaurant,Damietta,Chicken restaurant
Hilal beik مطعم هلال بيك,"CR66+FQM، ميدان سرور, Qism Damietta, Damietta First, Damietta Governorate 8040330",010 63632633,hilal-beik.business.site,4.1,73,Damietta,https://maps.app.goo.gl/SKXt2vca6vQVMkak9,not available,31.411187,31.811937,https://lh5.googleusercontent.com/p/AF1QipMzPCKqbwnUcAJjnbA269bKVIEtQQRtvCw63zrZ,https://lh5.googleusercontent.com/p/AF1QipOx_52XNXaZKQwBdTdyEug5iFPxHDRIez6JEXd_,https://lh5.googleusercontent.com/p/AF1QipM2uiJxdAmNZDMJPEiWplK1WnZKsay_niINsCpr,https://lh5.googleusercontent.com/p/AF1QipOUgXdlsEFAlRcHT7VT7CCKj7-lvzpEklDFrXAf,,,,,,,,,,,,,,https://lh5.googleusercontent.com/p/AF1QipPuSVZuwx2EnJafW__yExZD8tt7fdo4g7ga64qJ,https://lh5.googleusercontent.com/p/AF1QipMeN8TkrAKa8A-Ul17q80Y7nqOLYH0mn75iuFBN,https://lh5.googleusercontent.com/p/AF1QipMHo6cOTaHc2dORD2TWLCLaQ8Sfs_0S18-6R81T,restaurant,Damietta,Chicken restaurant
كينج ويتش King Wich,"Shatt Izbat Al Lahm, Damietta Desert, Damietta Governorate 8054510",010 93359894,Not available,4.7,15,Damietta,https://maps.app.goo.gl/cVDEjY3RT1GtjYsq7,CRQ2+J4 Damietta Desert,31.439062,31.800312,https://lh5.googleusercontent.com/p/AF1QipOIEYWGw2pgJdGxVAIjtMnHBIRBL44utmXnb_k,https://lh5.googleusercontent.com/p/AF1QipMykMbUyC_HUEDasOrsWbHUt6yNIrVCg41gpSA,https://lh5.googleusercontent.com/p/AF1QipOMdjed5dvnDFJJ__g-Fd3mN7MaNL10pQ5spcPl,,,,https://lh5.googleusercontent.com/p/AF1QipM0I2V08wpVCNVqIXLER2FbT4wKVjEqNTYowgA,https://lh5.googleusercontent.com/p/AF1QipObyW6UKTdsMCKpxYvod8dy9ks7xI2ysy2tDyI,https://lh5.googleusercontent.com/p/AF1QipOWKlLEQhXXWuxTTJc-brG0fs1avU_Mnxz-L2I,,,,,,,,,,,,restaurant,Damietta,Fast food restaurant
White Lounge Cafe & Restaurant,"المنطقة المركزيه بجوار العيون الدولي, Damietta El-Gadeeda City, New Damietta, Damietta Governorate 34325",010 26610000,white-lounge.cafe,3.7,38,Damietta,https://maps.app.goo.gl/MbxBmZdzb2L2esNW8,CMQF+9F New Damietta,31.438437,31.673687,https://lh5.googleusercontent.com/p/AF1QipOM1gxlyq8XAim81S5NEfjcHx7Ab7zCr0cH1M-q,https://lh5.googleusercontent.com/p/AF1QipOfEkFYX15VjAflDK0V_wmXAvkhYH6LShNa4P2n,https://lh5.googleusercontent.com/p/AF1QipOkQ7o__4_2HJ9H1X4NOQ5RLvbQPlMvxLdtrNvr,https://lh5.googleusercontent.com/p/AF1QipNmnrqqLMQI57WxYdTu8FKvIKD0ecbSML52ACzS,,,,,,,,,,,,,,https://lh5.googleusercontent.com/p/AF1QipM57FbWvew2zSrn809bOi4cKM4qyH-oHHdARZcg,https://lh5.googleusercontent.com/p/AF1QipNBDeGq71hrmsVi0yieBJOMIDvfS6GN7cPMSCHW,https://lh5.googleusercontent.com/p/AF1QipOMbk5Q0a8UE1WFVUCeh8mKKeBtPChzJwLyNnhd,restaurant,Damietta,Cafe
Cheese pan,"CR66+RPQ بجوار مدرسة عبده الإعدادية، ميدان سرور, Qism Damietta, Damietta First, Damietta Governorate 34511",010 60302402,Not available,4.3,3,Damietta,https://maps.app.goo.gl/GBkLBdfr2u9mkSzc8,not available,31.412062,31.811813,https://lh5.googleusercontent.com/p/AF1QipPdl90t_EkJS4v1pkMg9DJHPWyos1PGTaILJ43l,https://lh5.googleusercontent.com/p/AF1QipP0TMSfmxt0tcqMsNBf3QjPI2CXnO-tpgdAf_cU,https://lh5.googleusercontent.com/p/AF1QipNUJLJl8hO9L71I8LagxtW08JJ68bZiPXFI1OYK,,,,,,,,,https://lh5.googleusercontent.com/p/AF1QipPR1UWgpJqFMGlip-pIeprarZvjzrhGXa6LyHvY,https://lh5.googleusercontent.com/p/AF1QipOIyB06JJkez6V8G_rKOBXhLdHbX8veQeeMFxe2,https://lh5.googleusercontent.com/p/AF1QipMJNVMFr2lI-cownzreSfDVnJVFkleG5OdWMznD,https://lh5.googleusercontent.com/p/AF1QipMT_pnwk65ecC16c310t7C9EmGmU9nSLZC_tYn_,,,,,,restaurant,Damietta,Fast food restaurant
دمياط باب الحراس,"CR7C+MCH، دمياط، قسم دمياط، الظهير الصحراوى لمحافظة دمياط،, Damietta Governorate 8044183",010 09909626,Not available,4.6,5,Damietta,https://maps.app.goo.gl/61jF27isX6yYQRJq6,not available,31.414187,31.821063,https://lh5.googleusercontent.com/p/AF1QipO5I3MxLh5gAolCFBvqNUwR8l7nvxeiPK-JpWHh,https://lh5.googleusercontent.com/p/AF1QipP2Mf35f66wTRvuuDHN9TfvqV8vp04vXoTGOrfG,,,,,,,,,,,,,,,,,https://lh5.googleusercontent.com/p/AF1QipMFd18QmVijXMoBzF8PwT-ol7vLyxa-S0NCUgpV,https://lh5.googleusercontent.com/p/AF1QipOha31uI7Ki7ewHiKB2FCau7EhcFv9mKNTk-9UW,restaurant,Damietta,Seafood restaurant
Roma italian taste,"مسجد الحي التاني، شارع المهندس حسب الله الكفراوي،, Damietta El-Gadeeda City, Kafr Saad, Damietta Governorate",010 15764415,Not available,4.1,49,Damietta,https://maps.app.goo.gl/VSkpawLrtBCR8K4t7,CMWJ+Q6 Kafr Saad,31.446937,31.680563,https://lh5.googleusercontent.com/p/AF1QipPR6Yd0KE5TY0AIdu4zSpxdN6dLY2Fn7vAJBHN_,https://lh5.googleusercontent.com/p/AF1QipONIL50YaUkBmSsdqZh30vqBzcGlo4eOiZJ7WA-,https://lh5.googleusercontent.com/p/AF1QipMWxZ_9ziAASrQN8wf6RdxLsRusvYW1xfUPCN1p,https://lh5.googleusercontent.com/p/AF1QipONmOpB6b137sEeLStPlYqAhm2bOuDtvTvi2iJ2,https://lh5.googleusercontent.com/p/AF1QipMygEJ8rfLERev7YqMaq0Y2W-dagI2F7HDGsv8,,,,,,,,,,,,,https://lh5.googleusercontent.com/p/AF1QipPFXljX2orQPWBv4mTlhLdHL0OykSOLESca3vQ,https://lh5.googleusercontent.com/p/AF1QipNMUFyLlq-UVsf0v-3WW6rvd2wRDY4unCqUyrXX,https://lh5.googleusercontent.com/p/AF1QipO3j_6627VdxREvLS4fSYlVAhgFyaDkXRAELdY,restaurant,Damietta,Italian restaurant
دُوار آية,"بجوار كافيه الواحه، شارع وزير, Qism Damietta, Damietta First, Damietta Governorate 34514",010 33925048,Not available,4.0,3,Damietta,https://maps.app.goo.gl/qynUxaEjsBEQsDZHA,CR64+6V Damietta First,31.410562,31.807187,https://lh5.googleusercontent.com/p/AF1QipOLY-ZC5IGrva3cU-4S_2pcUvPDAB6RWO20javP,https://lh5.googleusercontent.com/p/AF1QipNhgQYt-Mb3p6xr1f2r-hcxiZrjHJo8EfZio3pd,https://lh5.googleusercontent.com/p/AF1QipPO8EgjRvZ3TnvAbmzXzAxW4wkwp9jSuluMChEp,,,,,,,,,,,,,,https://lh5.googleusercontent.com/p/AF1QipMEADNF8jwCdi6ih_vmlPpOwB9qvKDT23Ye8qBz,https://lh5.googleusercontent.com/p/AF1QipNHPUABNUlDfH8gt66cfOxr4rT8RiVi3QNEovaS,https://lh5.googleusercontent.com/p/AF1QipNqTcy5FNMH-CKLW6JnIwOml0FVwrqEiHuyCTbw,,restaurant,Damietta,Arab restaurant
Barakat,"CRG4+8V9 بجوار مسجد المتبولى،منطقة، شارع ثروت، حارة البركة, Qism Damietta, Damietta Governorate",010 21277221,Not available,4.3,12,Damietta,https://maps.app.goo.gl/YSmGhESzPR5huX4j9,not available,31.423750,31.801250,,,,https://lh5.googleusercontent.com/p/AF1QipMHjWssd_LtnzEzXaTSW-Xg7ERJMV1AdmvJ3gyt,,,,,,,,,,,,,,,,,restaurant,Damietta,Mutton barbecue restaurant
